hash	timestamp	actions.calculate_multi_series_fc	actions.run_cytoscape_connector	actions.run_fc_treemaps	actions.run_PLSDA	actions.run_with_gap_filled	actions.scale_data	boxplot.topN	dataset_experiment.description	dataset_experiment.name	filter_blank.blank_label	filter_blank.factor_name	filter_blank.qc_label	filter_sample_metadata_one.factor_name	filter_sample_metadata_one.levels	filter_sample_metadata_one.mode	filter_sample_metadata_two.factor_name	filter_sample_metadata_two.levels	filter_sample_metadata_two.mode	filter_sample_type.factor_name	filter_sample_type.levels	filter_sample_type.mode	filter_variable_metadata_annotated.factor_name	filter_variable_metadata_annotated.levels	filter_variable_metadata_annotated.mode	filter_variable_metadata_num.factor_name	filter_variable_metadata_num.level	filter_variable_metadata_num.mode	filter_variable_metadata_one.factor_name	filter_variable_metadata_one.levels	filter_variable_metadata_one.mode	filter_variable_metadata_two.factor_name	filter_variable_metadata_two.levels	filter_variable_metadata_two.mode	gnps_job_id	heatmap.topN	mapp_batch	mapp_project	met_annot_enhancer_folder	ms_files_extension	operating_system.pandoc	operating_system.system	options.gnps_column_for_boxplots.factor_name	paths.docs	paths.output	posthoc.p_value	target.sample_metadata_header	to_mean.factor_name
ef4f843f9ca741ef12514286ee1cdd52	2024-05-23 14:46:03	FALSE	FALSE	TRUE	TRUE	FALSE	FALSE	16	FIBL Pilot pos LCMS metabolomics dataset	FIBL Pilot pos LCMS metabolomics dataset										sample_type	sample	include					NA								71042c319fa444d088e3704141a96354	100	fibl_pilot_pos	fibl-pilot	fibl_pilot_pos_source_taxon	.mzML	C:/Program Files/RStudio/resources/app/bin/quarto/bin/tools	unix	source_taxon	/Users/pma/Dropbox/git_repos/COMMONS_Lab/EMI/fibl-metabolomics/docs	/Users/pma/Dropbox/git_repos/COMMONS_Lab/EMI/fibl-metabolomics/docs/fibl-pilot/fibl_pilot_pos/results/stats	0.05	source_taxon	source_taxon
90cfe5c0ac78275f44554e41104a7dfb	2024-05-23 14:48:15	FALSE	FALSE	TRUE	TRUE	FALSE	TRUE	16	FIBL Pilot pos LCMS metabolomics dataset	FIBL Pilot pos LCMS metabolomics dataset										sample_type	sample	include					NA								71042c319fa444d088e3704141a96354	100	fibl_pilot_pos	fibl-pilot	fibl_pilot_pos_source_taxon	.mzML	C:/Program Files/RStudio/resources/app/bin/quarto/bin/tools	unix	source_taxon	/Users/pma/Dropbox/git_repos/COMMONS_Lab/EMI/fibl-metabolomics/docs	/Users/pma/Dropbox/git_repos/COMMONS_Lab/EMI/fibl-metabolomics/docs/fibl-pilot/fibl_pilot_pos/results/stats	0.05	source_taxon	source_taxon
99b2a72d5cd098e87bf07c559869e13a	2024-05-23 14:49:48	FALSE	FALSE	TRUE	TRUE	FALSE	TRUE	16	FIBL Pilot pos LCMS metabolomics dataset	FIBL Pilot pos LCMS metabolomics dataset				source_taxon	Triticum aestivum	include				sample_type	sample	include					NA								71042c319fa444d088e3704141a96354	100	fibl_pilot_pos	fibl-pilot	fibl_pilot_pos_source_taxon	.mzML	C:/Program Files/RStudio/resources/app/bin/quarto/bin/tools	unix	method	/Users/pma/Dropbox/git_repos/COMMONS_Lab/EMI/fibl-metabolomics/docs	/Users/pma/Dropbox/git_repos/COMMONS_Lab/EMI/fibl-metabolomics/docs/fibl-pilot/fibl_pilot_pos/results/stats	0.05	method	method
5510190561ec1f73590bc823e42115a2	2024-05-23 14:55:04	FALSE	FALSE	TRUE	TRUE	FALSE	TRUE	16	FIBL Pilot pos LCMS metabolomics dataset	FIBL Pilot pos LCMS metabolomics dataset				source_taxon	Triticum aestivum	include				sample_type	sample	include				sirius_confidencescore	0.5	above							71042c319fa444d088e3704141a96354	100	fibl_pilot_pos	fibl-pilot	fibl_pilot_pos_source_taxon	.mzML	C:/Program Files/RStudio/resources/app/bin/quarto/bin/tools	unix	method	/Users/pma/Dropbox/git_repos/COMMONS_Lab/EMI/fibl-metabolomics/docs	/Users/pma/Dropbox/git_repos/COMMONS_Lab/EMI/fibl-metabolomics/docs/fibl-pilot/fibl_pilot_pos/results/stats	0.05	method	method
973e9c09bd00912854100c437ac9e65d	2024-05-23 15:21:39	FALSE	FALSE	TRUE	TRUE	FALSE	TRUE	16	FIBL Pilot pos LCMS metabolomics dataset	FIBL Pilot pos LCMS metabolomics dataset				source_taxon	Triticum aestivum	include	organ	leaves	include	sample_type	sample	include				sirius_confidencescore	0.5	above							71042c319fa444d088e3704141a96354	100	fibl_pilot_pos	fibl-pilot	fibl_pilot_pos_source_taxon	.mzML	C:/Program Files/RStudio/resources/app/bin/quarto/bin/tools	unix	method	/Users/pma/Dropbox/git_repos/COMMONS_Lab/EMI/fibl-metabolomics/docs	/Users/pma/Dropbox/git_repos/COMMONS_Lab/EMI/fibl-metabolomics/docs/fibl-pilot/fibl_pilot_pos/results/stats	0.05	method	method
a980012090dbe43a64bec1352f48872c	2024-05-23 15:25:14	FALSE	FALSE	TRUE	TRUE	FALSE	TRUE	16	FIBL Pilot pos LCMS metabolomics dataset	FIBL Pilot pos LCMS metabolomics dataset				source_taxon	Solanum tuberosum	include	organ	leaves	include	sample_type	sample	include				sirius_confidencescore	0.5	above							71042c319fa444d088e3704141a96354	100	fibl_pilot_pos	fibl-pilot	fibl_pilot_pos_source_taxon	.mzML	C:/Program Files/RStudio/resources/app/bin/quarto/bin/tools	unix	method	/Users/pma/Dropbox/git_repos/COMMONS_Lab/EMI/fibl-metabolomics/docs	/Users/pma/Dropbox/git_repos/COMMONS_Lab/EMI/fibl-metabolomics/docs/fibl-pilot/fibl_pilot_pos/results/stats	0.05	method	method
4fb7c2a4240af3a980e80cf3f2b06e3a	2024-05-23 15:26:22	FALSE	FALSE	TRUE	TRUE	FALSE	TRUE	16	FIBL Pilot pos LCMS metabolomics dataset	FIBL Pilot pos LCMS metabolomics dataset				source_taxon	Solanum tuberosum	include	organ	leaves	include	sample_type	sample	include					NA								71042c319fa444d088e3704141a96354	100	fibl_pilot_pos	fibl-pilot	fibl_pilot_pos_source_taxon	.mzML	C:/Program Files/RStudio/resources/app/bin/quarto/bin/tools	unix	method	/Users/pma/Dropbox/git_repos/COMMONS_Lab/EMI/fibl-metabolomics/docs	/Users/pma/Dropbox/git_repos/COMMONS_Lab/EMI/fibl-metabolomics/docs/fibl-pilot/fibl_pilot_pos/results/stats	0.05	method	method
f308204164d39a057b0f916f89e868cd	2024-05-23 15:45:21	FALSE	FALSE	TRUE	TRUE	FALSE	TRUE	16	FIBL Pilot pos LCMS metabolomics dataset	FIBL Pilot pos LCMS metabolomics dataset				free_text	20x20	include				sample_type	sample	include					NA								71042c319fa444d088e3704141a96354	100	fibl_pilot_pos	fibl-pilot	fibl_pilot_pos_source_taxon	.mzML	C:/Program Files/RStudio/resources/app/bin/quarto/bin/tools	unix	method	/Users/pma/Dropbox/git_repos/COMMONS_Lab/EMI/fibl-metabolomics/docs	/Users/pma/Dropbox/git_repos/COMMONS_Lab/EMI/fibl-metabolomics/docs/fibl-pilot/fibl_pilot_pos/results/stats	0.05	method	method
0c0acc666632644dbbfdf5742843bf1c	2024-05-23 15:45:57	FALSE	FALSE	TRUE	TRUE	FALSE	TRUE	16	FIBL Pilot pos LCMS metabolomics dataset	FIBL Pilot pos LCMS metabolomics dataset				free_text	20x20	include				sample_type	sample	include				sirius_confidencescore	0.5	above							71042c319fa444d088e3704141a96354	100	fibl_pilot_pos	fibl-pilot	fibl_pilot_pos_source_taxon	.mzML	C:/Program Files/RStudio/resources/app/bin/quarto/bin/tools	unix	method	/Users/pma/Dropbox/git_repos/COMMONS_Lab/EMI/fibl-metabolomics/docs	/Users/pma/Dropbox/git_repos/COMMONS_Lab/EMI/fibl-metabolomics/docs/fibl-pilot/fibl_pilot_pos/results/stats	0.05	method	method
d55f06f6b04cb53e1c94f3c75b06175a	2024-06-28 14:16:44	FALSE	FALSE	TRUE	TRUE	FALSE	TRUE	16	FIBL Pilot pos LCMS metabolomics dataset	FIBL Pilot pos LCMS metabolomics dataset				free_text	berlese_specimens	include				sample_type	sample	include					NA								71042c319fa444d088e3704141a96354	100	fibl_pilot_pos	fibl-pilot	fibl_pilot_pos_source_taxon	.mzML	C:/Program Files/RStudio/resources/app/bin/quarto/bin/tools	unix	method	/Users/pma/Dropbox/git_repos/COMMONS_Lab/EMI/fibl-metabolomics/docs	/Users/pma/Dropbox/git_repos/COMMONS_Lab/EMI/fibl-metabolomics/docs/fibl-pilot/fibl_pilot_pos/results/stats	0.05	method	method
4e1b9d92caa70f48e9bf91caa8530f20	2024-06-28 14:28:06	FALSE	FALSE	TRUE	TRUE	FALSE	TRUE	16	FIBL Pilot pos LCMS metabolomics dataset	FIBL Pilot pos LCMS metabolomics dataset				free_text	berlese_specimens	include				sample_type	sample	include				sirius_confidencescore	0.5	above							71042c319fa444d088e3704141a96354	100	fibl_pilot_pos	fibl-pilot	fibl_pilot_pos_source_taxon	.mzML	C:/Program Files/RStudio/resources/app/bin/quarto/bin/tools	unix	method	/Users/pma/Dropbox/git_repos/COMMONS_Lab/EMI/fibl-metabolomics/docs	/Users/pma/Dropbox/git_repos/COMMONS_Lab/EMI/fibl-metabolomics/docs/fibl-pilot/fibl_pilot_pos/results/stats	0.05	method	method
cc654630f002feb87677e8d2c8f9185c	2024-06-28 14:43:41	FALSE	FALSE	TRUE	TRUE	FALSE	TRUE	16	FIBL Pilot pos LCMS metabolomics dataset	FIBL Pilot pos LCMS metabolomics dataset				free_text	soil	include				sample_type	sample	include				sirius_confidencescore	0.5	above							71042c319fa444d088e3704141a96354	100	fibl_pilot_pos	fibl-pilot	fibl_pilot_pos_source_taxon	.mzML	C:/Program Files/RStudio/resources/app/bin/quarto/bin/tools	unix	method	/Users/pma/Dropbox/git_repos/COMMONS_Lab/EMI/fibl-metabolomics/docs	/Users/pma/Dropbox/git_repos/COMMONS_Lab/EMI/fibl-metabolomics/docs/fibl-pilot/fibl_pilot_pos/results/stats	0.05	method	method
9ad60f495b90ba3a43273c16f631337b	2024-06-28 14:45:02	FALSE	FALSE	TRUE	TRUE	FALSE	TRUE	16	FIBL Pilot pos LCMS metabolomics dataset	FIBL Pilot pos LCMS metabolomics dataset				free_text	soil	include				sample_type	sample	include					NA								71042c319fa444d088e3704141a96354	100	fibl_pilot_pos	fibl-pilot	fibl_pilot_pos_source_taxon	.mzML	C:/Program Files/RStudio/resources/app/bin/quarto/bin/tools	unix	method	/Users/pma/Dropbox/git_repos/COMMONS_Lab/EMI/fibl-metabolomics/docs	/Users/pma/Dropbox/git_repos/COMMONS_Lab/EMI/fibl-metabolomics/docs/fibl-pilot/fibl_pilot_pos/results/stats	0.05	method	method
