"feature_id","feature_id_full","feature_id_full_annotated","feature_mz","feature_rt","biodynamique_vs_conventional purely mineral fertilization_p_value","biodynamique_vs_conventional purely mineral fertilization_p_value_minus_log10","biodynamique_vs_conventional purely mineral fertilization_fold_change","biodynamique_vs_conventional purely mineral fertilization_fold_change_log2","sirius_name","sirius_chebiasciiname","sirius_chebiid","sirius_confidencescore","sirius_csi_fingeridscore","sirius_siriusscore","sirius_zodiacscore","sirius_inchi","sirius_inchikey2d","sirius_molecularformula","sirius_adduct","sirius_smiles","canopus_npc_pathway","canopus_npc_class","canopus_npc_superclass","met_annot_structure_exact_mass","met_annot_structure_inchi","met_annot_structure_inchikey","met_annot_short_inchikey","met_annot_structure_smiles","met_annot_structure_molecular_formula","met_annot_structure_nametraditional","met_annot_structure_wikidata","met_annot_structure_taxonomy_npclassifier_01pathway","met_annot_structure_taxonomy_npclassifier_02superclass","met_annot_structure_taxonomy_npclassifier_01pathway_consensus","met_annot_structure_taxonomy_npclassifier_02superclass_consensus","met_annot_structure_taxonomy_npclassifier_03class_consensus","met_annot_organism_name","met_annot_organism_taxonomy_01domain","met_annot_organism_taxonomy_02kingdom","met_annot_organism_taxonomy_03phylum","met_annot_organism_taxonomy_04class","met_annot_organism_taxonomy_05order","met_annot_organism_taxonomy_06family","met_annot_organism_taxonomy_07tribe","met_annot_organism_taxonomy_08genus","met_annot_organism_taxonomy_09species","met_annot_organism_taxonomy_10varietas","met_annot_organism_taxonomy_ottid","met_annot_organism_wikidata","met_annot_score_taxo","biodynamique","biodynamique.pval","conventional.purely.mineral.fertilization","conventional.purely.mineral.fertilization.pval","MeanDecreaseAccuracy","MeanDecreaseAccuracy.pval","MeanDecreaseGini","MeanDecreaseGini.pval"
30,"30_600.47_8.6","NA_[30_600.47_8.6]",600.467834472656,8.55084315447154,0.0288262512110827,1.54021183295692,1.33071800911442,0.41220488383113,NA,NA,NA,NA,NA,NA,NA,NA,NA,NA,NA,NA,"Amino acids and Peptides","Tripeptides","Small peptides",NA,NA,NA,NA,NA,NA,NA,NA,NA,NA,NA,NA,NA,NA,NA,NA,NA,NA,NA,NA,NA,NA,NA,NA,NA,NA,NA,1.9042342233658,0.0439121756487026,1.93637769300683,0.0339321357285429,1.94903896837899,0.0359281437125748,0.0545,0.379241516966068
53,"53_443.05_0.7","NA_[53_443.05_0.7]",443.048025429423,0.674063307323944,0.00205306835114333,2.68759659177396,0.636891904034881,-0.650879561881879,"3-Pyridinecarbothioic acid, S-(2-(2-((2-methoxyphenoxy)methyl)-3-thiazolidinyl)-2-oxoethyl) ester",NA,NA,0.0435754076234123,-487.675465864558,45.5595680490717,0.9678391959799,"InChI=1S/C19H20N2O4S2/c1-23-15-6-2-3-7-16(15)24-13-18-21(9-10-27-18)17(22)12-25-19(26)14-5-4-8-20-11-14/h2-8,11,18H,9-10,12-13H2,1H3","VZWGUYUBUKJXEI","C19H20N2O4S2","[M + K]+","COC1=CC=CC=C1OCC2N(CCS2)C(=O)COC(=S)C3=CN=CC=C3","Alkaloids","Simple indole alkaloids","Tryptophan alkaloids",NA,NA,NA,NA,NA,NA,NA,NA,NA,NA,NA,NA,NA,NA,NA,NA,NA,NA,NA,NA,NA,NA,NA,NA,NA,NA,NA,1.85021033733688,0.0578842315369262,1.94881009766875,0.0339321357285429,1.9042342233658,0.0538922155688623,0.093,0.0698602794411178
108,"108_327.2_2.5","heptaethylene glycol_[108_327.2_2.5]",327.201207230802,2.48347954065041,0.0420252593443755,1.3764895977818,1.39076347073502,0.475877079395938,"Epitope ID:161055","heptaethylene glycol","CHEBI:44748",0.668027379891026,-1.29858567192141,50.966864220029,1,"InChI=1S/C14H30O8/c15-1-3-17-5-7-19-9-11-21-13-14-22-12-10-20-8-6-18-4-2-16/h15-16H,1-14H2","XPJRQAIZZQMSCM","C14H30O8","[M + H]+","C(COCCOCCOCCOCCOCCOCCO)O","Fatty acids","Monoacylglycerols","Glycerolipids","nan","nan","nan","XPJRQAIZZQMSCM",NA,"nan","nan","nan","nan","nan","nan","nan","nan","nan","['Unknown']","['Unknown']","['Unknown']","['Unknown']","['Unknown']","['Unknown']","['Unknown']","['Unknown']","['Unknown']","nan","nan","nan",0,0,0.499001996007984,0,0.514970059880239,0,0.455089820359281,0.027,0.820359281437126
198,"198_959.57_10.8","NA_[198_959.57_10.8]",959.569501388196,10.8247329537037,0.0211159176141965,1.67539004110988,0.683701978746535,-0.548560494159044,NA,NA,NA,NA,NA,NA,NA,NA,NA,NA,NA,NA,NA,NA,NA,NA,NA,NA,NA,NA,NA,NA,NA,NA,NA,NA,NA,NA,NA,NA,NA,NA,NA,NA,NA,NA,NA,NA,NA,NA,NA,NA,1.00100150250438,0.269461077844311,1.00100150250438,0.275449101796407,1.00100150250438,0.283433133732535,0.0455,0.548902195608782
255,"255_147.04_3","4-coumaric acid_[255_147.04_3]",147.044079247365,3.02795621743119,0.0372397587415553,1.42899314126617,1.50170150406061,0.586598074231636,"coumarate","4-coumaric acid","CHEBI:36090",0.392760257153042,-5.5557519968619,26.4125261406742,1,"InChI=1S/C9H8O3/c10-8-4-1-7(2-5-8)3-6-9(11)12/h1-6,10H,(H,11,12)","NGSWKAQJJWESNS","C9H8O3","[M - H2O + H]+","C1=CC(=CC=C1C=CC(=O)O)O","Shikimates and Phenylpropanoids","Cinnamic acids and derivatives","Phenylpropanoids (C6-C3)",NA,NA,NA,NA,NA,NA,NA,NA,NA,NA,NA,NA,NA,NA,NA,NA,NA,NA,NA,NA,NA,NA,NA,NA,NA,NA,NA,2.37022731569989,0.00399201596806387,2.32181730106286,0.00798403193612774,2.40841525429544,0.00598802395209581,0.089,0.00998003992015968
258,"258_335.22_6.4","NA_[258_335.22_6.4]",335.219645121004,6.40912436178862,0.0319408513407033,1.49565351250429,0.743620104142297,-0.42736232011905,NA,NA,NA,NA,NA,NA,NA,NA,NA,NA,NA,NA,NA,NA,NA,NA,NA,NA,NA,NA,NA,NA,NA,NA,NA,NA,NA,NA,NA,NA,NA,NA,NA,NA,NA,NA,NA,NA,NA,NA,NA,NA,1.00100150250438,0.2375249500998,1.00100150250438,0.239520958083832,1.00100150250438,0.225548902195609,0.029,0.798403193612774
264,"264_180.1_0.9","1-methyl-1,2,3,4-tetrahydroisoquinoline-6,7-diol_[264_180.1_0.9]",180.101529179662,0.916964224056604,0.00864746267300547,2.06311130395283,1.51403544869073,0.598398984089572,"Salsolinol","1-methyl-1,2,3,4-tetrahydroisoquinoline-6,7-diol","CHEBI:194221",0.387737613965315,-56.4505521986148,69.2803154191635,1,"InChI=1S/C10H13NO2/c1-6-8-5-10(13)9(12)4-7(8)2-3-11-6/h4-6,11-13H,2-3H2,1H3","IBRKLUSXDYATLG","C10H13NO2","[M + H]+","CC1C2=CC(=C(C=C2CCN1)O)O","Alkaloids","Isoquinoline alkaloids","Tyrosine alkaloids","179.094628656","InChI=1S/C10H13NO2/c1-6-9-7(4-5-11-6)2-3-8(12)10(9)13/h2-3,6,11-13H,4-5H2,1H3/t6-/m1/s1","ZGMORAIVFRLFQJ-ZCFIWIBFSA-N","ZGMORAIVFRLFQJ","C[C@H]1NCCc2ccc(O)c(O)c21","C10H13NO2","(1R)-1-methyl-1,2,3,4-tetrahydroisoquinoline-7,8-diol","http://www.wikidata.org/entity/Q104667682","Alkaloids","Tyrosine alkaloids","Terpenoids","Monoterpenoids","Iridoids monoterpenoids","Mirabilis jalapa","['Eukaryota']","['Archaeplastida']","['Streptophyta']","['Magnoliopsida']","['Caryophyllales']","['Nyctaginaceae']","['Unknown']","['Mirabilis']","['Mirabilis jalapa']","nan","740466.0","http://www.wikidata.org/entity/Q13710",4,0,0.602794411177645,0,0.604790419161677,0,0.562874251497006,0.029,0.834331337325349
350,"350_360.15_1.4","NA_[350_360.15_1.4]",360.149874174302,1.39162894786325,0.0249276399321776,1.60331883713806,0.684706805416772,-0.546441743195979,"Chlorambucil-t-butyl ester",NA,NA,0.0973844335131119,-459.410813743508,69.966855288336,0.967336683417086,"InChI=1S/C18H27Cl2NO2/c1-18(2,3)23-17(22)6-4-5-15-7-9-16(10-8-15)21(13-11-19)14-12-20/h7-10H,4-6,11-14H2,1-3H3","SZXDOYFHSIIZCF","C18H27Cl2NO2","[M + H]+","CC(C)(C)OC(=O)CCCC1=CC=C(C=C1)N(CCCl)CCCl","Alkaloids","Simple amide alkaloids","Pseudoalkaloids","342.116211524","InChI=1S/C12H22O11/c13-1-3-5(15)7(17)9(19)11(21-3)23-12-10(20)8(18)6(16)4(2-14)22-12/h3-20H,1-2H2/t3-,4-,5+,6+,7+,8+,9-,10-,11-,12-/m1/s1","HDTRYLNUVZCQOY-WSWWMNSNSA-N","HDTRYLNUVZCQOY","OC[C@H]1O[C@H](O[C@H]2O[C@H](CO)[C@H](O)[C@H](O)[C@H]2O)[C@H](O)[C@@H](O)[C@H]1O","C12H22O11","alpha-D-galactopyranosyl alpha-D-galactopyranoside","http://www.wikidata.org/entity/Q105026544","Carbohydrates","Saccharides","Terpenoids","Saccharides","Disaccharides","Triticum aestivum","['Eukaryota']","['Archaeplastida']","['Streptophyta']","['Magnoliopsida']","['Poales']","['Poaceae']","['Triticeae']","['Triticum']","['Triticum aestivum']","nan","31926.0","http://www.wikidata.org/entity/Q161098",9,0,0.508982035928144,0,0.510978043912176,0,0.471057884231537,0.015,0.960079840319361
541,"541_537.54_10.6","NA_[541_537.54_10.6]",537.535614509893,10.5891761463415,0.0120527970155098,1.91891215745063,0.684530109096996,-0.54681409498258,"N,N''-Ethylenebis(palmitamide)",NA,NA,0.346503142479002,-69.7698600704928,26.2438105388841,1,"InChI=1S/C34H68N2O2/c1-3-5-7-9-11-13-15-17-19-21-23-25-27-29-33(37)35-31-32-36-34(38)30-28-26-24-22-20-18-16-14-12-10-8-6-4-2/h3-32H2,1-2H3,(H,35,37)(H,36,38)","UAXZKOFYXXDTFH","C34H68N2O2","[M + H]+","CCCCCCCCCCCCCCCC(=O)NCCNC(=O)CCCCCCCCCCCCCCC","Fatty acids","N-acyl amines","Fatty amides",NA,NA,NA,NA,NA,NA,NA,NA,NA,NA,NA,NA,NA,NA,NA,NA,NA,NA,NA,NA,NA,NA,NA,NA,NA,NA,NA,1.34406227991274,0.189620758483034,1.38942503594182,0.139720558882236,1.37457856297529,0.177644710578842,0.043,0.654690618762475
660,"660_250.94_0.9","NA_[660_250.94_0.9]",250.935473722888,0.932056651518988,0.0161982433965925,1.79053207956418,0.676456195651571,-0.563931580289928,NA,NA,NA,NA,NA,NA,NA,NA,NA,NA,NA,NA,NA,NA,NA,NA,NA,NA,NA,NA,NA,NA,NA,NA,NA,NA,NA,NA,NA,NA,NA,NA,NA,NA,NA,NA,NA,NA,NA,NA,NA,NA,0.57754281555789,0.265469061876248,-0.14286005839829,0.499001996007984,0.128038978949756,0.305389221556886,0.062,0.389221556886228
745,"745_135.12_3.5","NA_[745_135.12_3.5]",135.116810559628,3.49006077723577,0.0363087922746551,1.43998819661661,1.34476745914812,0.427356719593297,"2-Methylbicyclo(4.3.0)nona-3,8-diene",NA,NA,0.137859650651955,-64.2286477074875,76.3393908717394,1,"InChI=1S/C10H14/c1-8-4-2-5-9-6-3-7-10(8)9/h2-4,7-10H,5-6H2,1H3","YVLGRGCYQOZGCO","C10H14","[M + H]+","CC1C=CCC2C1C=CC2","Terpenoids","Pinane monoterpenoids","Monoterpenoids","134.109550448","InChI=1S/C10H14/c1-8(2)10-6-4-9(3)5-7-10/h4-8H,1-3H3","HFPZCAJZSCWRBC-UHFFFAOYSA-N","HFPZCAJZSCWRBC","Cc1ccc(C(C)C)cc1","C10H14","P-Cymene","http://www.wikidata.org/entity/Q284072","Terpenoids","Monoterpenoids","Terpenoids","Monoterpenoids","Menthane monoterpenoids","Limnophila repens","['Eukaryota']","['Archaeplastida']","['Streptophyta']","['Magnoliopsida']","['Lamiales']","['Plantaginaceae']","['Unknown']","['Limnophila']","['Limnophila repens']","nan","6072982.0","http://www.wikidata.org/entity/Q10901706",6,1.34406227991274,0.127744510978044,1.41705050316284,0.0858283433133733,1.40275209380409,0.125748502994012,0.045,0.44311377245509
796,"796_337.24_7.6","NA_[796_337.24_7.6]",337.236811198534,7.60399304390244,0.0402229392874795,1.39552619655153,0.741649744356654,-0.431190082410111,"Palux-d4",NA,NA,0.217181520574028,-55.7544407230917,109.951417819683,1,"InChI=1S/C20H34O5/c1-2-3-6-9-15(21)12-13-17-16(18(22)14-19(17)23)10-7-4-5-8-11-20(24)25/h12-13,15-17,19,21,23H,2-11,14H2,1H3,(H,24,25)","GMVPRGQOIOIIMI","C20H34O5","[M - H2O + H]+","CCCCCC(C=CC1C(CC(=O)C1CCCCCCC(=O)O)O)O","Fatty acids","Prostaglandins","Eicosanoids","336.230059504","InChI=1S/C20H32O4/c1-2-3-4-5-6-7-8-9-10-11-12-13-14-16-19(24-23)17-15-18-20(21)22/h12-18,23H,2-11H2,1H3,(H,21,22)","RDEYORKJEDLLDB-UHFFFAOYSA-N","RDEYORKJEDLLDB","CCCCCCCCCCCC=CC=CC(=CC=CC(=O)O)OO","C20H32O4","5-Hydroperoxyicosa-2,4,6,8-tetraenoic acid","http://www.wikidata.org/entity/Q105234174","Fatty acids","Fatty Acids and Conjugates","Fatty acids","Fatty Acids and Conjugates","Unsaturated fatty acids","Antillogorgia americana","['Eukaryota']","['Metazoa']","['Cnidaria']","['Anthozoa']","['Alcyonacea']","['Gorgoniidae']","['Unknown']","['Antillogorgia']","['Antillogorgia americana']","nan","1079546.0","http://www.wikidata.org/entity/Q13380168",2,1.00100150250438,0.203592814371257,1.00100150250438,0.219560878243513,1.00100150250438,0.207584830339321,0.0275,0.846307385229541
842,"842_305.25_8.6","NA_[842_305.25_8.6]",305.247554621015,8.56055335882353,0.00742699575487907,2.1291868243183,1.41324772670941,0.499014376336903,"eicosatetraenoate",NA,NA,0.364673479196172,-16.7466518432876,97.5530512955976,1,"InChI=1S/C20H32O2/c1-2-3-4-5-6-7-8-9-10-11-12-13-14-15-16-17-18-19-20(21)22/h3-4,6-7,9-10,12-13H,2,5,8,11,14-19H2,1H3,(H,21,22)","HQPCSDADVLFHHO","C20H32O2","[M + H]+","CCC=CCC=CCC=CCC=CCCCCCCC(=O)O","Fatty acids","Unsaturated fatty acids","Fatty Acids and Conjugates","304.240230264","InChI=1S/C20H32O2/c1-15(9-7-10-17(3)19(21)22-6)12-13-18-16(2)11-8-14-20(18,4)5/h7,9-10,17H,8,11-14H2,1-6H3/b10-7+,15-9+/t17-/m1/s1","AGZLWVWHDVCYDK-UXAJNAOFSA-N","AGZLWVWHDVCYDK","COC(=O)[C@H](C)/C=C/C=C(\C)CCC1=C(C)CCCC1(C)C","C20H32O2","methyl (2R,3E,5E)-2,6-dimethyl-8-(2,6,6-trimethylcyclohexen-1-yl)octa-3,5-dienoate","http://www.wikidata.org/entity/Q104912126","Terpenoids","Diterpenoids","Terpenoids","Diterpenoids","Secolabdane diterpenoids","Latrunculia brevis","['Eukaryota']","['Metazoa']","['Porifera']","['Demospongiae']","['Poecilosclerida']","['Latrunculiidae']","['Unknown']","['Latrunculia']","['Latrunculia brevis']","nan","2837898.0","http://www.wikidata.org/entity/Q2453514",2,1.98341520781671,0.0239520958083832,2.00804832225625,0.0179640718562874,1.99968982286484,0.0259481037924152,0.0455,0.473053892215569
978,"978_522.2_0.7","NA_[978_522.2_0.7]",522.202631436962,0.682015427029703,0.0419894479441321,1.3768598352071,0.695945123624361,-0.522954543118315,"Oprea1_241997",NA,NA,0.288885663586776,-428.346705271937,58.0634398056904,0.0336683417085427,"InChI=1S/C30H34ClNO6/c1-7-16(2)38-30(34)26-17(3)32-22-12-19(18-8-10-21(31)11-9-18)13-23(33)28(22)27(26)20-14-24(35-4)29(37-6)25(15-20)36-5/h8-11,14-16,19,27,32H,7,12-13H2,1-6H3","IUOPGSNWOXYEAG","C30H34ClNO6","[M - H2O + H]+","CCC(C)OC(=O)C1=C(NC2=C(C1C3=CC(=C(C(=C3)OC)OC)OC)C(=O)CC(C2)C4=CC=C(C=C4)Cl)C","Alkaloids","Carbazole alkaloids","Tryptophan alkaloids","504.1690349439998","InChI=1S/C18H32O16/c19-1-5-8(22)11(25)13(27)16(31-5)30-3-7-9(23)12(26)14(28)17(32-7)34-18(4-21)15(29)10(24)6(2-20)33-18/h5-17,19-29H,1-4H2/t5-,6-,7+,8+,9-,10+,11+,12+,13-,14-,15-,16+,17-,18+/m1/s1","MUPFEKGTMRGPLJ-RMMQSMQOSA-N","MUPFEKGTMRGPLJ","OC[C@H]1O[C@H](OC[C@@H]2O[C@H](O[C@]3(CO)O[C@H](CO)[C@H](O)[C@H]3O)[C@H](O)[C@@H](O)[C@@H]2O)[C@H](O)[C@@H](O)[C@H]1O","C18H32O16","Gal(a1-6)Ido(b1-2b)D-Sorf","http://www.wikidata.org/entity/Q115784686","Carbohydrates","Saccharides","Terpenoids","Saccharides","Disaccharides","Triticum aestivum","['Eukaryota']","['Archaeplastida']","['Streptophyta']","['Magnoliopsida']","['Poales']","['Poaceae']","['Triticeae']","['Triticum']","['Triticum aestivum']","nan","31926.0","http://www.wikidata.org/entity/Q161098",9,1.00100150250438,0.243512974051896,1.00100150250438,0.25748502994012,1.00100150250438,0.249500998003992,0.0215,0.926147704590818
1000,"1000_121.07_1","4-hydroxystyrene_[1000_121.07_1]",121.065084907098,1.04013450658537,0.0332745328150959,1.47788803344157,1.39098839140462,0.476110379813391,"4-Vinylphenol","4-hydroxystyrene","CHEBI:1883",0.309244210109274,-17.3689200586937,58.6772836251911,1,"InChI=1S/C8H8O/c1-2-7-3-5-8(9)6-4-7/h2-6,9H,1H2","FUGYGGDSWSUORM","C8H8O","[M + H]+","C=CC1=CC=C(C=C1)O","Shikimates and Phenylpropanoids","Cinnamic acids and derivatives","Phenylpropanoids (C6-C3)","120.057514876","InChI=1S/C8H8O/c1-7-2-4-8(6-9)5-3-7/h2-6H,1H3","FXLOVSHXALFLKQ-UHFFFAOYSA-N","FXLOVSHXALFLKQ","Cc1ccc(C=O)cc1","C8H8O","4-Methylbenzaldehyde","http://www.wikidata.org/entity/Q3266675","Shikimates and Phenylpropanoids","nan","Shikimates and Phenylpropanoids","Isoflavonoids","Cinnamic acids and derivatives","Solanum lycopersicum","['Eukaryota']","['Archaeplastida']","['Streptophyta']","['Magnoliopsida']","['Solanales']","['Solanaceae']","['Solaneae']","['Solanum']","['Solanum lycopersicum']","nan","378964.0","http://www.wikidata.org/entity/Q23501",8,0,0.542914171656687,0,0.526946107784431,0,0.487025948103792,0.033,0.764471057884232
1015,"1015_200.04_0.6","NA_[1015_200.04_0.6]",200.044198934771,0.606117697087379,0.0202219817627746,1.69417628561628,0.664106467825057,-0.590513545649288,NA,NA,NA,NA,NA,NA,NA,NA,NA,NA,NA,NA,NA,NA,NA,NA,NA,NA,NA,NA,NA,NA,NA,NA,NA,NA,NA,NA,NA,NA,NA,NA,NA,NA,NA,NA,NA,NA,NA,NA,NA,NA,1.00100150250438,0.227544910179641,1.00100150250438,0.227544910179641,1.00100150250438,0.209580838323353,0.059,0.379241516966068
1085,"1085_279.23_8.9","Elaidolinolenic acid_[1085_279.23_8.9]",279.231942403086,8.93991362276423,0.0136530358664569,1.86477076888301,1.47092929080841,0.556727896319516,"alpha-LA","Elaidolinolenic acid","CHEBI:165492",0.266376590708757,-11.5529483024498,132.609677735881,1,"InChI=1S/C18H30O2/c1-2-3-4-5-6-7-8-9-10-11-12-13-14-15-16-17-18(19)20/h3-4,6-7,9-10H,2,5,8,11-17H2,1H3,(H,19,20)","DTOSIQBPPRVQHS","C18H30O2","[M + H]+","CCC=CCC=CCC=CCCCCCCCC(=O)O","Fatty acids","Unsaturated fatty acids","Fatty Acids and Conjugates","278.2245802","InChI=1S/C18H30O2/c1-2-3-4-5-6-7-8-9-10-11-12-13-14-15-16-17-18(19)20/h6-7,9-10,12-13H,2-5,8,11,14-17H2,1H3,(H,19,20)/b7-6-,10-9-,13-12-","VZCCETWTMQHEPK-QNEBEIHSSA-N","VZCCETWTMQHEPK","CCCCC/C=C\C/C=C\C/C=C\CCCCC(=O)O","C18H30O2","gamma-Linolenic acid","http://www.wikidata.org/entity/Q415885","Fatty acids","Fatty Acids and Conjugates","Fatty acids","Fatty Acids and Conjugates","Unsaturated fatty acids","Apis cerana","['Eukaryota']","['Metazoa']","['Arthropoda']","['Insecta']","['Hymenoptera']","['Apidae']","['Apini']","['Apis']","['Apis cerana']","nan","625771.0","http://www.wikidata.org/entity/Q306939",2,1.9042342233658,0.0379241516966068,1.94881009766875,0.029940119760479,1.9715804023779,0.031936127744511,0.09,0.0818363273453094
1090,"1090_272.19_4.4","NA_[1090_272.19_4.4]",272.185432434919,4.35374758571429,0.0171670467421502,1.76530441036636,1.37749424654819,0.462046293029663,"null",NA,NA,0.0301109318523497,-217.075392561943,5.79552010926469,0.812060301507538,"InChI=1S/C14H27NO5/c1-5-6-7-11(16)8-14(19)20-12(9-13(17)18)10-15(2,3)4/h11-12,16H,5-10H2,1-4H3/p+1","YWSDGPGKVSDFES","C14H27NO5","[M - H2O + H]+","CCCCC(CC(=O)OC(CC(=O)O)C[N+](C)(C)C)O","Fatty acids","N-acyl amines","Small peptides",NA,NA,NA,NA,NA,NA,NA,NA,NA,NA,NA,NA,NA,NA,NA,NA,NA,NA,NA,NA,NA,NA,NA,NA,NA,NA,NA,1.85021033733688,0.029940119760479,2.00804832225625,0.0179640718562874,1.93637769300683,0.031936127744511,0.0625,0.359281437125749
1123,"1123_210.11_0.9","NA_[1123_210.11_0.9]",210.112321119797,0.925093145681818,0.0446778039301684,1.34990818211975,0.744604011772825,-0.425454705733704,"N,O-Dimethyltyrosine",NA,NA,0.244560052448936,-114.532474596051,69.8624471070736,1,"InChI=1S/C11H15NO3/c1-12-10(11(13)14)7-8-3-5-9(15-2)6-4-8/h3-6,10,12H,7H2,1-2H3,(H,13,14)","QESMMBKGCOSBNL","C11H15NO3","[M + H]+","CNC(CC1=CC=C(C=C1)OC)C(=O)O","Alkaloids","Phenylethylamines","Tyrosine alkaloids","209.10519334","InChI=1S/C11H15NO3/c1-8-10(13)7-6-9(12-8)4-3-5-11(14)15-2/h6-7,13H,3-5H2,1-2H3","GCAMBACYWCGZAG-UHFFFAOYSA-N","GCAMBACYWCGZAG","COC(=O)CCCc1ccc(O)c(C)n1","C11H15NO3","2-Methyl-6-(4-oxo-4-methoxybutyl)pyridine-3-ol","http://www.wikidata.org/entity/Q105006172","Alkaloids","Nicotinic acid alkaloids","nan","nan","nan","Senna multijuga","['Eukaryota']","['Archaeplastida']","['Streptophyta']","['Magnoliopsida']","['Fabales']","['Fabaceae']","['Unknown']","['Senna']","['Senna multijuga']","nan","68519.0","http://www.wikidata.org/entity/Q15537762",4,1.00100150250438,0.203592814371257,1.00100150250438,0.221556886227545,1.00100150250438,0.217564870259481,0.0475,0.518962075848303
1290,"1290_251.13_3.6","NA_[1290_251.13_3.6]",251.127604538964,3.56250939756098,0.00327467047370633,2.48483239602374,1.48140238467256,0.566963564680165,"Seiricuprolide",NA,NA,0.140847560963901,-93.5273455123897,199.087809642051,1,"InChI=1S/C14H20O5/c1-9-5-3-2-4-6-10(15)13-14(19-13)11(16)7-8-12(17)18-9/h4,6-11,13-16H,2-3,5H2,1H3","IZTMFEJNMBMWKQ","C14H20O5","[M - H2O + H]+","CC1CCCC=CC(C2C(O2)C(C=CC(=O)O1)O)O","Polyketides","Macrolide lactones","Macrolides","250.120509056","InChI=1S/C14H18O4/c1-8(2)6-7-10-9(3)11(15)13(17-4)14(18-5)12(10)16/h6H,7H2,1-5H3","SOECUQMRSRVZQQ-UHFFFAOYSA-N","SOECUQMRSRVZQQ","COC1=C(OC)C(=O)C(CC=C(C)C)=C(C)C1=O","C14H18O4","Ubiquinone-1","http://www.wikidata.org/entity/Q27097877","Terpenoids","Meroterpenoids","Terpenoids","Diterpenoids","Ingenane diterpenoids","Solanum lycopersicum","['Eukaryota']","['Archaeplastida']","['Streptophyta']","['Magnoliopsida']","['Solanales']","['Solanaceae']","['Solaneae']","['Solanum']","['Solanum lycopersicum']","nan","378964.0","http://www.wikidata.org/entity/Q23501",8,2.14793159805948,0.0199600798403194,2.1932960518294,0.0199600798403194,2.20148283116099,0.0199600798403194,0.075,0.163672654690619
1343,"1343_634.45_8.4","NA_[1343_634.45_8.4]",634.45254860898,8.3855876084507,0.00290300368612183,2.53715241271764,0.641902460759358,-0.639574003255698,"emericellamide B",NA,NA,0.0936127757366396,-364.886347685683,21.1230109244857,0.985427135678392,"InChI=1S/C34H61N5O7/c1-11-12-13-14-15-21(6)17-22(7)29-23(8)30(41)35-18-27(40)39-28(20(4)5)33(44)38-26(16-19(2)3)32(43)36-24(9)31(42)37-25(10)34(45)46-29/h19-26,28-29H,11-18H2,1-10H3,(H,35,41)(H,36,43)(H,37,42)(H,38,44)(H,39,40)","MBENBNLUEFQFSL","C34H61N5O7","[M - H2O + H]+","CCCCCCC(C)CC(C)C1C(C(=O)NCC(=O)NC(C(=O)NC(C(=O)NC(C(=O)NC(C(=O)O1)C)C)CC(C)C)C(C)C)C","Amino acids and Peptides","Cyclic peptides","Oligopeptides",NA,NA,NA,NA,NA,NA,NA,NA,NA,NA,NA,NA,NA,NA,NA,NA,NA,NA,NA,NA,NA,NA,NA,NA,NA,NA,NA,2.14793159805948,0.0119760479041916,2.12004437429114,0.0119760479041916,2.14665307636536,0.0119760479041916,0.101,0.103792415169661
1401,"1401_180.1_2.7","NA_[1401_180.1_2.7]",180.101718905568,2.6789758637931,0.0187767263779649,1.7263801223954,1.40161407720494,0.487089169928838,"N-[(1R,2R)-1-hydroxy-1-phenylpropan-2-yl]formamide",NA,NA,0.226777673908259,-113.692876812703,40.402312036777,1,"InChI=1S/C10H13NO2/c1-8(11-7-12)10(13)9-5-3-2-4-6-9/h2-8,10,13H,1H3,(H,11,12)","QFNZWJWWABAZNV","C10H13NO2","[M + H]+","CC(C(C1=CC=CC=C1)O)NC=O","Alkaloids","Phenylalanine-derived alkaloids","Pseudoalkaloids (transamidation)",NA,NA,NA,NA,NA,NA,NA,NA,NA,NA,NA,NA,NA,NA,NA,NA,NA,NA,NA,NA,NA,NA,NA,NA,NA,NA,NA,1.41705050316284,0.12375249500998,1.41705050316284,0.157684630738523,1.41705050316284,0.141716566866267,0.066,0.37125748502994
1419,"1419_166.09_1.6","phenylalanine_[1419_166.09_1.6]",166.08626568802,1.59091724796748,0.00390839995837821,2.40800100001244,1.49436437376197,0.57953196614951,"Sabiden","phenylalanine","CHEBI:28044",0.981935082461568,-0.486977907381237,38.9589772766733,1,"InChI=1S/C9H11NO2/c10-8(9(11)12)6-7-4-2-1-3-5-7/h1-5,8H,6,10H2,(H,11,12)","COLNVLDHVKWLRT","C9H11NO2","[M + H]+","C1=CC=C(C=C1)CC(C(=O)O)N","Amino acids and Peptides","Aminoacids","Small peptides",NA,NA,NA,NA,NA,NA,NA,NA,NA,NA,NA,NA,NA,NA,NA,NA,NA,NA,NA,NA,NA,NA,NA,NA,NA,NA,NA,1.94881009766875,0.0578842315369262,1.9042342233658,0.0738522954091816,1.9715804023779,0.0718562874251497,0.0895,0.183632734530938
1514,"1514_326.23_4.5","N-[[3-Hydroxy-2-(2-pentenyl)cyclopentyl]acetyl]isoleucine_[1514_326.23_4.5]",326.232459641309,4.45305856,0.0375499689990495,1.42539041720967,1.40807416093895,0.493723320339744,"null","N-[[3-Hydroxy-2-(2-pentenyl)cyclopentyl]acetyl]isoleucine","CHEBI:189921",0.528445817056088,-120.8529065479,64.5481465908626,1,"InChI=1S/C18H31NO4/c1-4-6-7-8-14-13(9-10-15(14)20)11-16(21)19-17(18(22)23)12(3)5-2/h6-7,12-15,17,20H,4-5,8-11H2,1-3H3,(H,19,21)(H,22,23)","SJUZAQZEDDCWNC","C18H31NO4","[M + H]+","CCC=CCC1C(CCC1O)CC(=O)NC(C(C)CC)C(=O)O","Amino acids and Peptides","Open-chain polyketides","Small peptides",NA,NA,NA,NA,NA,NA,NA,NA,NA,NA,NA,NA,NA,NA,NA,NA,NA,NA,NA,NA,NA,NA,NA,NA,NA,NA,NA,1.38942503594182,0.0918163672654691,1.41705050316284,0.103792415169661,1.40834895880057,0.0898203592814371,0.0215,0.926147704590818
1634,"1634_271.92_0.5","NA_[1634_271.92_0.5]",271.916806326371,0.506476003865546,0.0361656017547557,1.44170430433721,0.728694263632134,-0.456614461214586,NA,NA,NA,NA,NA,NA,NA,NA,NA,NA,NA,NA,"Alkaloids","Pyridine alkaloids","Nicotinic acid alkaloids",NA,NA,NA,NA,NA,NA,NA,NA,NA,NA,NA,NA,NA,NA,NA,NA,NA,NA,NA,NA,NA,NA,NA,NA,NA,NA,NA,1.41705050316284,0.129740518962076,1.41705050316284,0.13373253493014,1.41705050316284,0.125748502994012,0.05,0.582834331337325
1694,"1694_360.15_1.5","NA_[1694_360.15_1.5]",360.149839111243,1.52341387881356,0.00301541463365888,2.52065296188899,0.653939610691389,-0.612770681455624,"Chlorambucil-t-butyl ester",NA,NA,0.102898690144045,-457.242628882298,70.28675449563,0.978894472361809,"InChI=1S/C18H27Cl2NO2/c1-18(2,3)23-17(22)6-4-5-15-7-9-16(10-8-15)21(13-11-19)14-12-20/h7-10H,4-6,11-14H2,1-3H3","SZXDOYFHSIIZCF","C18H27Cl2NO2","[M + H]+","CC(C)(C)OC(=O)CCCC1=CC=C(C=C1)N(CCCl)CCCl","Alkaloids","Phenylalanine-derived alkaloids","Pseudoalkaloids","342.116211524","InChI=1S/C12H22O11/c13-1-3-5(15)7(17)9(19)11(21-3)23-12-10(20)8(18)6(16)4(2-14)22-12/h3-20H,1-2H2/t3-,4-,5+,6+,7+,8+,9-,10-,11-,12-/m1/s1","HDTRYLNUVZCQOY-WSWWMNSNSA-N","HDTRYLNUVZCQOY","OC[C@H]1O[C@H](O[C@H]2O[C@H](CO)[C@H](O)[C@H](O)[C@H]2O)[C@H](O)[C@@H](O)[C@H]1O","C12H22O11","alpha-D-galactopyranosyl alpha-D-galactopyranoside","http://www.wikidata.org/entity/Q105026544","Carbohydrates","Saccharides","Terpenoids","Saccharides","Disaccharides","Triticum aestivum","['Eukaryota']","['Archaeplastida']","['Streptophyta']","['Magnoliopsida']","['Poales']","['Poaceae']","['Triticeae']","['Triticum']","['Triticum aestivum']","nan","31926.0","http://www.wikidata.org/entity/Q161098",9,1.67131567616219,0.0738522954091816,1.67131567616219,0.0838323353293413,1.70266414755955,0.0838323353293413,0.0635,0.215568862275449
1710,"1710_214.92_0.5","NA_[1710_214.92_0.5]",214.917809233111,0.525058175916666,0.0405643328476049,1.39185566237037,0.745529024132684,-0.423663575836456,"3-Bromo-5-nitro-[1,2,4]TRIAZOLE",NA,NA,NA,-143.994860382892,21.7833865126031,1,"InChI=1S/C2HBrN4O2/c3-1-4-2(6-5-1)7(8)9/h(H,4,5,6)","XXAMCWVPBITOGA","C2HBrN4O2","[M + Na]+","C1(=NC(=NN1)Br)[N+](=O)[O-]","Alkaloids","Purine alkaloids","Pseudoalkaloids",NA,NA,NA,NA,NA,NA,NA,NA,NA,NA,NA,NA,NA,NA,NA,NA,NA,NA,NA,NA,NA,NA,NA,NA,NA,NA,NA,1.00100150250438,0.219560878243513,1.00100150250438,0.231536926147705,1.00100150250438,0.225548902195609,0.021,0.904191616766467
1734,"1734_272.94_0.5","NA_[1734_272.94_0.5]",272.941450165539,0.495926694146342,0.0273294406623675,1.5633692566986,1.33283725898126,0.414500636395452,"(R)-phosphosulfolactate",NA,NA,0.379164196797398,-135.867877892515,18.4929028238946,1,"InChI=1S/C3H7O9PS/c4-3(5)2(1-14(9,10)11)12-13(6,7)8/h2H,1H2,(H,4,5)(H2,6,7,8)(H,9,10,11)","CABHHUMGNFUZCZ","C3H7O9PS","[M + Na]+","C(C(C(=O)O)OP(=O)(O)O)S(=O)(=O)O","Fatty acids","Dicarboxylic acids","Fatty Acids and Conjugates",NA,NA,NA,NA,NA,NA,NA,NA,NA,NA,NA,NA,NA,NA,NA,NA,NA,NA,NA,NA,NA,NA,NA,NA,NA,NA,NA,1.41705050316284,0.137724550898204,1.34406227991274,0.169660678642715,1.38942503594182,0.155688622754491,0.065,0.249500998003992
1749,"1749_341.32_6.8","NA_[1749_341.32_6.8]",341.316281593628,6.79298734491526,0.0414305250653862,1.38267956268155,0.772107880137204,-0.373125657671929,"null",NA,NA,0.0409291996211952,-218.027528722201,24.4798016816808,1,"InChI=1S/C20H40N2O2/c1-3-4-5-6-7-8-9-10-11-12-19(17-22-2)18(15-16-21)13-14-20(23)24/h8-9,18-19,22H,3-7,10-17,21H2,1-2H3,(H,23,24)/p+1","BFLMXAFJHKGEMK","C20H40N2O2","[M + H]+","CCCCCCC=CCCCC(C[NH2+]C)C(CCC(=O)[O-])CC[NH3+]","Fatty acids","N-acyl amines","Fatty amides",NA,NA,NA,NA,NA,NA,NA,NA,NA,NA,NA,NA,NA,NA,NA,NA,NA,NA,NA,NA,NA,NA,NA,NA,NA,NA,NA,1.73727046020804,0.0658682634730539,1.67131567616219,0.0778443113772455,1.72300386905937,0.0818363273453094,0.0905,0.19560878243513
1804,"1804_416.29_2.7","NA_[1804_416.29_2.7]",416.285477739761,2.65924963191489,0.000604629730499393,3.21851050175896,1.55391815723087,0.635910520948646,"TNF-alpha Protease Inhibitor-2",NA,NA,0.0746927507458535,-309.901422713445,32.9429307534092,1,"InChI=1S/C19H37N5O5/c1-11(2)9-13(10-14(25)24-29)17(27)23-15(19(4,5)6)18(28)22-12(3)16(26)21-8-7-20/h11-13,15,29H,7-10,20H2,1-6H3,(H,21,26)(H,22,28)(H,23,27)(H,24,25)","LMIQCBIEAHJAMZ","C19H37N5O5","[M + H]+","CC(C)CC(CC(=O)NO)C(=O)NC(C(=O)NC(C)C(=O)NCCN)C(C)(C)C","Amino acids and Peptides","Tripeptides","Small peptides",NA,NA,NA,NA,NA,NA,NA,NA,NA,NA,NA,NA,NA,NA,NA,NA,NA,NA,NA,NA,NA,NA,NA,NA,NA,NA,NA,2.37022731569989,0.00598802395209581,2.37022731569989,0.0119760479041916,2.37022731569989,0.00998003992015968,0.0645,0.2375249500998
1884,"1884_287.24_9.3","NA_[1884_287.24_9.3]",287.237383858453,9.31336492459017,0.0306304663821105,1.51384639053802,1.38787527203261,0.472877919136963,"arachidonate",NA,NA,0.17144106884954,-26.8895311369832,32.1413101452365,1,"InChI=1S/C20H32O2/c1-2-3-4-5-6-7-8-9-10-11-12-13-14-15-16-17-18-19-20(21)22/h6-7,9-10,12-13,15-16H,2-5,8,11,14,17-19H2,1H3,(H,21,22)","YZXBAPSDXZZRGB","C20H32O2","[M - H2O + H]+","CCCCCC=CCC=CCC=CCC=CCCCC(=O)O","Fatty acids","Unsaturated fatty acids","Eicosanoids","286.22966558","InChI=1S/C20H30O/c1-13-7-8-20-10-14(13)9-15(20)5-6-17-18(2,3)11-16(21)12-19(17,20)4/h7,14-15,17H,5-6,8-12H2,1-4H3","BCLFWSYURRBECE-UHFFFAOYSA-N","BCLFWSYURRBECE","CC1=CCC23CC1CC2CCC1C(C)(C)CC(=O)CC13C","C20H30O","2,6,6,13-Tetramethyltetracyclo[10.3.1.01,10.02,7]hexadec-13-en-4-one","http://www.wikidata.org/entity/Q104923478","Terpenoids","Diterpenoids","nan","nan","nan","Rhizopus oryzae","['Eukaryota']","['Fungi']","['Unknown']","['Mucoromycetes']","['Mucorales']","['Rhizopodaceae']","['Unknown']","['Rhizopus']","['Rhizopus oryzae']","nan","6376568.0","http://www.wikidata.org/entity/Q3024179",0,1.00100150250438,0.203592814371257,1.00100150250438,0.19560878243513,1.00100150250438,0.183632734530938,0.0245,0.896207584830339
1888,"1888_343.33_7.3","NA_[1888_343.33_7.3]",343.33181229258,7.26458039268292,0.0497950406281542,1.30281390894869,0.758484153959639,-0.398809054484463,"Palmitic acid, N-(aminoethyl)ethanolamide",NA,NA,0.31587971569018,-113.490721559089,24.5316711912816,1,"InChI=1S/C20H42N2O2/c1-2-3-4-5-6-7-8-9-10-11-12-13-14-15-20(24)22-17-16-21-18-19-23/h21,23H,2-19H2,1H3,(H,22,24)","YAGLIFQYQDBQLD","C20H42N2O2","[M + H]+","CCCCCCCCCCCCCCCC(=O)NCCNCCO","Fatty acids","N-acyl amines","Fatty amides",NA,NA,NA,NA,NA,NA,NA,NA,NA,NA,NA,NA,NA,NA,NA,NA,NA,NA,NA,NA,NA,NA,NA,NA,NA,NA,NA,1.71058924980998,0.0678642714570858,1.63736530665978,0.0798403193612774,1.73727046020804,0.0698602794411178,0.062,0.516966067864271
2046,"2046_318.24_6.8","NA_[2046_318.24_6.8]",318.240426909045,6.75897383658537,0.0445322986503454,1.35132488705167,0.702439534145365,-0.509554051109744,NA,NA,NA,NA,NA,NA,NA,NA,NA,NA,NA,NA,NA,NA,NA,NA,NA,NA,NA,NA,NA,NA,NA,NA,NA,NA,NA,NA,NA,NA,NA,NA,NA,NA,NA,NA,NA,NA,NA,NA,NA,NA,-1.00100150250438,0.768463073852295,-1.00100150250438,0.740518962075848,-1.00100150250438,0.718562874251497,0.0405,0.714570858283433
2304,"2304_289.25_4.8","NA_[2304_289.25_4.8]",289.248767915338,4.84586923032787,0.0369950090252654,1.43185686239224,0.715284737327343,-0.483410437112812,NA,NA,NA,NA,NA,NA,NA,NA,NA,NA,NA,NA,"Fatty acids","N-acyl amines","Fatty amides",NA,NA,NA,NA,NA,NA,NA,NA,NA,NA,NA,NA,NA,NA,NA,NA,NA,NA,NA,NA,NA,NA,NA,NA,NA,NA,NA,1.63736530665978,0.0818363273453094,1.73727046020804,0.0678642714570858,1.72005229038445,0.0838323353293413,0.0465,0.636726546906188
2398,"2398_393.29_6.1","NA_[2398_393.29_6.1]",393.286347109278,6.11946066617647,0.0234022962109871,1.63074152793876,0.662614413502858,-0.59375850894062,NA,NA,NA,NA,NA,NA,NA,NA,NA,NA,NA,NA,"Fatty acids","N-acyl amines","Small peptides",NA,NA,NA,NA,NA,NA,NA,NA,NA,NA,NA,NA,NA,NA,NA,NA,NA,NA,NA,NA,NA,NA,NA,NA,NA,NA,NA,2.57532077260253,0.00399201596806387,2.53979941834066,0.00399201596806387,2.61320720557602,0.00399201596806387,0.0865,0.0838323353293413
2439,"2439_592.54_8.1","NA_[2439_592.54_8.1]",592.541133477436,8.10651216097562,0.0215646238764761,1.66625811228248,1.31987593563895,0.400402326969872,NA,NA,NA,NA,NA,NA,NA,NA,NA,NA,NA,NA,"Fatty acids","Ceramides","Sphingolipids",NA,NA,NA,NA,NA,NA,NA,NA,NA,NA,NA,NA,NA,NA,NA,NA,NA,NA,NA,NA,NA,NA,NA,NA,NA,NA,NA,2.27798710394242,0.0119760479041916,2.37022731569989,0.00998003992015968,2.38988826537769,0.0139720558882236,0.057,0.337325349301397
2461,"2461_235.13_5.5","NA_[2461_235.13_5.5]",235.132937353885,5.54195109918033,0.0108549810533656,1.96437093024051,0.699453132769933,-0.515700702809186,"Ambcb5658702",NA,NA,0.102334528115431,-123.461732734211,54.4835667493428,1,"InChI=1S/C14H20O4/c1-9(2)4-3-5-10-6-7-11(13(15)16)12(8-10)14(17)18/h4-5,11-12H,3,6-8H2,1-2H3,(H,15,16)(H,17,18)","HDZCYWICCGGCST","C14H20O4","[M - H2O + H]+","CC(=CCC=C1CCC(C(C1)C(=O)O)C(=O)O)C","Terpenoids","Drimane sesquiterpenoids","Sesquiterpenoids",NA,NA,NA,NA,NA,NA,NA,NA,NA,NA,NA,NA,NA,NA,NA,NA,NA,NA,NA,NA,NA,NA,NA,NA,NA,NA,NA,1.00100150250438,0.313373253493014,1.00100150250438,0.305389221556886,1.00100150250438,0.30938123752495,0.073,0.203592814371257
2533,"2533_537.68_4.4","NA_[2533_537.68_4.4]",537.676573872522,4.42166966438356,0.00901139784516758,2.04520783617347,0.674260293960485,-0.568622452572013,NA,NA,NA,NA,NA,NA,NA,NA,NA,NA,NA,NA,NA,NA,NA,NA,NA,NA,NA,NA,NA,NA,NA,NA,NA,NA,NA,NA,NA,NA,NA,NA,NA,NA,NA,NA,NA,NA,NA,NA,NA,NA,1.51099471303875,0.0998003992015968,1.63736530665978,0.103792415169661,1.69975302666866,0.0918163672654691,0.0805,0.135728542914172
2635,"2635_319.23_7.6","NA_[2635_319.23_7.6]",319.226670057729,7.55312051769911,0.0309086279560972,1.50992027298008,0.689948959657119,-0.535438455276503,"Oprea1_622303",NA,NA,0.108295612771531,-71.6822149559208,97.2564655154948,1,"InChI=1S/C20H30O3/c1-5-18(2)12-13-7-8-15-19(3,14(13)11-16(18)21)9-6-10-20(15,4)17(22)23/h5,12,14-16,21H,1,6-11H2,2-4H3,(H,22,23)","UAXNLFQWKCSHGV","C20H30O3","[M + H]+","CC12CCCC(C1CCC3=CC(C(CC23)O)(C)C=C)(C)C(=O)O","Terpenoids","Labdane diterpenoids","Diterpenoids","318.21949482","InChI=1S/C20H30O3/c1-12-13-5-6-15-18(2)8-4-9-19(3,17(22)23)14(18)7-10-20(15,11-13)16(12)21/h13-16,21H,1,4-11H2,2-3H3,(H,22,23)","GVGJRXSJJHLPGZ-UHFFFAOYSA-N","GVGJRXSJJHLPGZ","C=C1C2CCC3C4(C)CCCC(C)(C(=O)O)C4CCC3(C2)C1O","C20H30O3","Grandifloric acid","http://www.wikidata.org/entity/Q105021173","Terpenoids","Diterpenoids","nan","nan","nan","Semicassis undulata","['Eukaryota']","['Metazoa']","['Mollusca']","['Gastropoda']","['Littorinimorpha']","['Cassidae']","['Unknown']","['Semicassis']","['Semicassis undulata']","nan","7495192.0","http://www.wikidata.org/entity/Q60790210",4,1.00100150250438,0.231536926147705,1.00100150250438,0.245508982035928,1.00100150250438,0.239520958083832,0.043,0.614770459081836
2651,"2651_360.15_0.7","NA_[2651_360.15_0.7]",360.150020912907,0.66664435090164,0.0279735296757478,1.55325273126934,0.721635275839851,-0.470658231023409,"Chlorambucil-t-butyl ester",NA,NA,0.102282853124339,-456.005649894984,70.4440896193427,0.978894472361809,"InChI=1S/C18H27Cl2NO2/c1-18(2,3)23-17(22)6-4-5-15-7-9-16(10-8-15)21(13-11-19)14-12-20/h7-10H,4-6,11-14H2,1-3H3","SZXDOYFHSIIZCF","C18H27Cl2NO2","[M + H]+","CC(C)(C)OC(=O)CCCC1=CC=C(C=C1)N(CCCl)CCCl","Alkaloids","Phenylalanine-derived alkaloids","Pseudoalkaloids","342.116211524","InChI=1S/C12H22O11/c13-1-3-5(15)7(17)9(19)11(21-3)23-12-10(20)8(18)6(16)4(2-14)22-12/h3-20H,1-2H2/t3-,4-,5+,6+,7+,8+,9-,10-,11-,12-/m1/s1","HDTRYLNUVZCQOY-WSWWMNSNSA-N","HDTRYLNUVZCQOY","OC[C@H]1O[C@H](O[C@H]2O[C@H](CO)[C@H](O)[C@H](O)[C@H]2O)[C@H](O)[C@@H](O)[C@H]1O","C12H22O11","alpha-D-galactopyranosyl alpha-D-galactopyranoside","http://www.wikidata.org/entity/Q105026544","Carbohydrates","Saccharides","Terpenoids","Saccharides","Disaccharides","Triticum aestivum","['Eukaryota']","['Archaeplastida']","['Streptophyta']","['Magnoliopsida']","['Poales']","['Poaceae']","['Triticeae']","['Triticum']","['Triticum aestivum']","nan","31926.0","http://www.wikidata.org/entity/Q161098",9,0,0.506986027944112,0,0.502994011976048,0,0.445109780439122,0,1
2714,"2714_184.03_0.5","NA_[2714_184.03_0.5]",184.028188987054,0.521481846147541,0.0127610979702178,1.89411195712799,0.699423742394159,-0.515761324798352,"Ethyl 3-amino-5-chloropyrazine-2-carboxylate",NA,NA,0.0341762209730642,-126.217939873775,7.21698520909449,0.64070351758794,"InChI=1S/C7H8ClN3O2/c1-2-13-7(12)5-6(9)11-4(8)3-10-5/h3H,2H2,1H3,(H2,9,11)","VHCHPNCLERABHA","C7H8ClN3O2","[M - H2O + H]+","CCOC(=O)C1=NC=C(N=C1N)Cl","Alkaloids","Aminoacids","Small peptides",NA,NA,NA,NA,NA,NA,NA,NA,NA,NA,NA,NA,NA,NA,NA,NA,NA,NA,NA,NA,NA,NA,NA,NA,NA,NA,NA,2.08589742143606,0.0239520958083832,2.14793159805948,0.0119760479041916,2.14750280859792,0.0339321357285429,0.0975,0.0419161676646707
2869,"2869_872.58_10.3","NA_[2869_872.58_10.3]",872.579743712013,10.2593912777778,0.0477973103521254,1.32059654129782,1.55003081081652,0.632296893028807,"null",NA,NA,0.051938411677078,-437.646189268344,27.7001582560937,1,"InChI=1S/C45H88NO10P/c1-3-5-7-9-11-13-15-17-18-19-20-21-22-23-24-25-27-29-31-33-35-37-44(48)56-41(39-54-57(51,52)55-40-42(46)45(49)50)38-53-43(47)36-34-32-30-28-26-16-14-12-10-8-6-4-2/h41-42H,3-40,46H2,1-2H3,(H,49,50)(H,51,52)","LUGOCDWFRORKQE","C45H88NO10P","[M + K]+","CCCCCCCCCCCCCCCCCCCCCCCC(=O)OC(COC(=O)CCCCCCCCCCCCCC)COP(=O)(O)OCC(C(=O)O)N","Fatty acids","Glycerophosphocholines","Glycerophospholipids",NA,NA,NA,NA,NA,NA,NA,NA,NA,NA,NA,NA,NA,NA,NA,NA,NA,NA,NA,NA,NA,NA,NA,NA,NA,NA,NA,1.00100150250438,0.209580838323353,1.00100150250438,0.211576846307385,1.00100150250438,0.2375249500998,0.0285,0.291417165668663
3269,"3269_344.24_5.9","NA_[3269_344.24_5.9]",344.24366983639,5.86950215121951,0.0486901437267348,1.3125589434735,1.35679836708997,0.440206338727919,"4,7,10,13,16-Pentaazanonadecane-2,18-diol",NA,NA,0.0912273492897595,-152.014995675671,17.0416694504807,1,"InChI=1S/C14H35N5O2/c1-13(20)11-18-9-7-16-5-3-15-4-6-17-8-10-19-12-14(2)21/h13-21H,3-12H2,1-2H3","JALHBXZSNVJTLT","C14H35N5O2","[M + K]+","CC(CNCCNCCNCCNCCNCC(C)O)O","Alkaloids","Polyamines","Ornithine alkaloids",NA,NA,NA,NA,NA,NA,NA,NA,NA,NA,NA,NA,NA,NA,NA,NA,NA,NA,NA,NA,NA,NA,NA,NA,NA,NA,NA,0,0.457085828343313,0,0.459081836327345,0,0.411177644710579,0.0075,0.996007984031936
3281,"3281_298.1_2","beta-D-Ribofuranose, 1-(6-amino-9H-purin-9-yl)-1-deoxy-5-S-methyl-5-thio-_[3281_298.1_2]",298.096773458054,2.00355502564102,0.00116160119249688,2.93494295079812,0.6436360857141,-0.635682881285062,"Vitamin L2","beta-D-Ribofuranose, 1-(6-amino-9H-purin-9-yl)-1-deoxy-5-S-methyl-5-thio-","CHEBI:180963",0.785336630886883,-6.86663014413043,12.5750161991791,1,"InChI=1S/C11H15N5O3S/c1-20-2-5-7(17)8(18)11(19-5)16-4-15-6-9(12)13-3-14-10(6)16/h3-5,7-8,11,17-18H,2H2,1H3,(H2,12,13,14)","WUUGFSXJNOTRMR","C11H15N5O3S","[M + H]+","CSCC1C(C(C(O1)N2C=NC3=C(N=CN=C32)N)O)O","Carbohydrates","Purine nucleos(t)ides","Nucleosides",NA,NA,NA,NA,NA,NA,NA,NA,NA,NA,NA,NA,NA,NA,NA,NA,NA,NA,NA,NA,NA,NA,NA,NA,NA,NA,NA,2.47476669765833,0.00598802395209581,2.54617009875598,0.00399201596806387,2.63675772671398,0.00399201596806387,0.1165,0.00399201596806387
3353,"3353_325.2_7.1","(-)-11-Hydroxy-9,15,16-trioxooctadecanoic acid_[3353_325.2_7.1]",325.200964082547,7.05539688292683,0.0104835178180719,1.97949296233116,1.37335164188726,0.457701069806675,"null","(-)-11-Hydroxy-9,15,16-trioxooctadecanoic acid","CHEBI:168948",0.278551920440052,-106.707647254556,72.9976940799423,1,"InChI=1S/C18H30O6/c1-2-16(21)17(22)11-8-10-15(20)13-14(19)9-6-4-3-5-7-12-18(23)24/h15,20H,2-13H2,1H3,(H,23,24)","DRPDZKNSZVIOQR","C18H30O6","[M - H2O + H]+","CCC(=O)C(=O)CCCC(CC(=O)CCCCCCCC(=O)O)O","Terpenoids","Dicarboxylic acids","Fatty Acids and Conjugates",NA,NA,NA,NA,NA,NA,NA,NA,NA,NA,NA,NA,NA,NA,NA,NA,NA,NA,NA,NA,NA,NA,NA,NA,NA,NA,NA,1.8966081045272,0.0259481037924152,1.9042342233658,0.0279441117764471,1.99468790562554,0.0219560878243513,0.0615,0.345309381237525
3360,"3360_226.18_4.8","N-undecanoylglycine_[3360_226.18_4.8]",226.180165267592,4.84503849268293,0.0303297782175908,1.5181307653975,0.709821663373229,-0.494471489544295,"acylglycine C:11","N-undecanoylglycine","CHEBI:74438",0.71348261185814,-100.47123076738,154.935695491121,1,"InChI=1S/C13H25NO3/c1-2-3-4-5-6-7-8-9-10-12(15)14-11-13(16)17/h2-11H2,1H3,(H,14,15)(H,16,17)","HEUQYIQQCNOXOG","C13H25NO3","[M - H2O + H]+","CCCCCCCCCCC(=O)NCC(=O)O","Fatty acids","Primary amides","Fatty amides",NA,NA,NA,NA,NA,NA,NA,NA,NA,NA,NA,NA,NA,NA,NA,NA,NA,NA,NA,NA,NA,NA,NA,NA,NA,NA,NA,1.00100150250438,0.229540918163673,1.00100150250438,0.219560878243513,1.00100150250438,0.217564870259481,0.0415,0.676646706586826
3497,"3497_182.96_0.5","NA_[3497_182.96_0.5]",182.962578936321,0.508511576910569,0.034858120908848,1.45769602803825,1.37385220447697,0.458226811043371,"5-amino-1,3-thiazole-4-carboxylic acid",NA,NA,0.0813724425036992,-130.799877142634,17.0924758980698,0.384924623115578,"InChI=1S/C4H4N2O2S/c5-3-2(4(7)8)6-1-9-3/h1H,5H2,(H,7,8)","FSMITCDFXHXTIC","C4H4N2O2S","[M + K]+","C1=NC(=C(S1)N)C(=O)O","Alkaloids","Aminoacids","Pseudoalkaloids",NA,NA,NA,NA,NA,NA,NA,NA,NA,NA,NA,NA,NA,NA,NA,NA,NA,NA,NA,NA,NA,NA,NA,NA,NA,NA,NA,2.00804832225625,0.0219560878243513,2.00804832225625,0.0239520958083832,2.00804832225625,0.0219560878243513,0.0465,0.461077844311377
3564,"3564_138.09_1.6","NA_[3564_138.09_1.6]",138.091264837327,1.62721393801653,0.0225865789670502,1.64614954368096,1.42547622981872,0.511443982167082,"Oprea1_680230",NA,NA,0.25529826024411,-46.5146273501604,88.8084161920485,1,"InChI=1S/C8H11NO/c9-8-3-1-7(2-4-8)5-6-10/h1-4,10H,5-6,9H2","QXHDYMUPPXAMPQ","C8H11NO","[M + H]+","C1=CC(=CC=C1CCO)N","Alkaloids","Pyridine alkaloids","Tyrosine alkaloids","120.057514876","InChI=1S/C8H8O/c1-7-2-4-8(6-9)5-3-7/h2-6H,1H3","FXLOVSHXALFLKQ-UHFFFAOYSA-N","FXLOVSHXALFLKQ","Cc1ccc(C=O)cc1","C8H8O","4-Methylbenzaldehyde","http://www.wikidata.org/entity/Q3266675","Shikimates and Phenylpropanoids","nan","Shikimates and Phenylpropanoids","Flavonoids","Flavonols","Solanum lycopersicum","['Eukaryota']","['Archaeplastida']","['Streptophyta']","['Magnoliopsida']","['Solanales']","['Solanaceae']","['Solaneae']","['Solanum']","['Solanum lycopersicum']","nan","378964.0","http://www.wikidata.org/entity/Q23501",8,1.00100150250438,0.227544910179641,1.00100150250438,0.227544910179641,1.00100150250438,0.233532934131737,0.019,0.940119760479042
3727,"3727_160.1_2.1","N-Acetyl-Valine_[3727_160.1_2.1]",160.096801954084,2.09666248376068,0.0081023054143964,2.09139139022092,1.55076842442486,0.632983265434233,"Acetylvaline","N-Acetyl-Valine","CHEBI:169985",0.299085715593488,-79.7456964524051,72.6405383944963,1,"InChI=1S/C7H13NO3/c1-4(2)6(7(10)11)8-5(3)9/h4,6H,1-3H3,(H,8,9)(H,10,11)","IHYJTAOFMMMOPX","C7H13NO3","[M + H]+","CC(C)C(C(=O)O)NC(=O)C","Amino acids and Peptides","Dipeptides","Small peptides","159.089543276","InChI=1S/C7H13NO3/c1-8(2)4-3-5(9)6(8)7(10)11/h5-6,9H,3-4H2,1-2H3/t5?,6-/m0/s1","DJMIFDZBCUUQJN-GDVGLLTNSA-N","DJMIFDZBCUUQJN","C[N+]1(C)CCC(O)[C@H]1C(=O)[O-]","C7H13NO3","3-Hydroxystachydrine","http://www.wikidata.org/entity/Q27105471","Alkaloids","Ornithine alkaloids","nan","nan","nan","Dolichandra unguis-cati","['Eukaryota']","['Archaeplastida']","['Streptophyta']","['Magnoliopsida']","['Lamiales']","['Bignoniaceae']","['Bignonieae']","['Dolichandra']","['Dolichandra unguis-cati']","nan","1001573.0","http://www.wikidata.org/entity/Q3108604",5,2.53979941834066,0.0159680638722555,2.53549972509234,0.0179640718562874,2.56416693065143,0.0219560878243513,0.109,0.11377245508982
3730,"3730_278.25_8.2","NA_[3730_278.25_8.2]",278.247827148691,8.1834970625,0.0295040171979275,1.53011884747561,0.688677698640766,-0.538099135704757,"Linolenamide",NA,NA,0.788492122997092,-39.1447039124264,132.112638395665,1,"InChI=1S/C18H31NO/c1-2-3-4-5-6-7-8-9-10-11-12-13-14-15-16-17-18(19)20/h3-4,6-7,9-10H,2,5,8,11-17H2,1H3,(H2,19,20)","NHUOWASJBBPFMB","C18H31NO","[M + H]+","CCC=CCC=CCC=CCCCCCCCC(=O)N","Fatty acids","Primary amides","Fatty amides","277.240564612","InChI=1S/C18H31NO/c1-5-6-7-8-9-10-11-12-13-17-14-15-18(20-4)16(2)19(17)3/h8-13,16-18H,5-7,14-15H2,1-4H3/b9-8+,11-10+,13-12+/t16-,17+,18-/m1/s1","YIOUPFBHICGXGU-VLXASLQNSA-N","YIOUPFBHICGXGU","CCCC/C=C/C=C/C=C/[C@H]1CC[C@@H](OC)[C@@H](C)N1C","C18H31NO","(2R,3R,6R)-1,2-Dimethyl-3-methoxy-6-[(1E,3E,5E)-1,3,5-decatrienyl]piperidine","http://www.wikidata.org/entity/Q105348948","Alkaloids","Lysine alkaloids","Fatty acids","Fatty Acids and Conjugates","Unsaturated fatty acids","Microcos paniculata","['Eukaryota']","['Archaeplastida']","['Streptophyta']","['Magnoliopsida']","['Malvales']","['Malvaceae']","['Grewieae']","['Microcos']","['Microcos paniculata']","nan","151053.0","http://www.wikidata.org/entity/Q3351559",6,1.00100150250438,0.219560878243513,1.00100150250438,0.227544910179641,1.00100150250438,0.219560878243513,0.0565,0.554890219560878
3750,"3750_320.26_7.3","NA_[3750_320.26_7.3]",320.25590353865,7.29438573252032,0.0342272217912107,1.46562835092679,0.734699843567092,-0.444773127444122,NA,NA,NA,NA,NA,NA,NA,NA,NA,NA,NA,NA,NA,NA,NA,NA,NA,NA,NA,NA,NA,NA,NA,NA,NA,NA,NA,NA,NA,NA,NA,NA,NA,NA,NA,NA,NA,NA,NA,NA,NA,NA,1.41705050316284,0.0958083832335329,1.41705050316284,0.0838323353293413,1.41705050316284,0.0898203592814371,0.056,0.502994011976048
3776,"3776_745.49_9.6","NA_[3776_745.49_9.6]",745.48976752527,9.58995175,0.0252177206515763,1.5982941704663,1.5913360427163,0.670238522009831,"Narasin B",NA,NA,0.0820093255245758,-190.244442920995,77.8803562773405,0.988442211055276,"InChI=1S/C43H70O11/c1-12-30(35(46)27(8)34(45)28(9)36-23(4)21-24(5)37(51-36)31(13-2)39(47)48)38-25(6)22-26(7)42(52-38)18-15-32(44)43(54-42)20-19-40(11,53-43)33-16-17-41(49,14-3)29(10)50-33/h15,18,23-31,33-34,36-38,45,49H,12-14,16-17,19-22H2,1-11H3,(H,47,48)","FBLJTCGAXDPRJH","C43H70O11","[M - H2O + H]+","CCC(C1C(CC(C(O1)C(C)C(C(C)C(=O)C(CC)C2C(CC(C3(O2)C=CC(=O)C4(O3)CCC(O4)(C)C5CCC(C(O5)C)(CC)O)C)C)O)C)C)C(=O)O","Polyketides","Open-chain polyketides","Linear polyketides","nan","nan","nan","YGBTZLLCHJLFFA",NA,"nan","nan","nan","nan","nan","nan","nan","nan","nan","['Unknown']","['Unknown']","['Unknown']","['Unknown']","['Unknown']","['Unknown']","['Unknown']","['Unknown']","['Unknown']","nan","nan","nan",0,1.8966081045272,0.0279441117764471,1.9042342233658,0.0339321357285429,1.99468790562554,0.0279441117764471,0.0645,0.111776447105788
3817,"3817_243.14_7.3","Culpin_[3817_243.14_7.3]",243.13748231689,7.30396553283582,0.0221459675228984,1.65470534131388,0.621919485108632,-0.685200276514148,"Culpin","Culpin","CHEBI:221725",0.171465164985895,-139.857197846342,30.8892419546211,1,"InChI=1S/C16H18O2/c1-11(2)5-7-13-9-16(18)14(10-15(13)17)8-6-12(3)4/h6,9-10,17-18H,1,8H2,2-4H3","QMYWKFZKRYCUMA","C16H18O2","[M + H]+","CC(=CCC1=CC(=C(C=C1O)C#CC(=C)C)O)C","Terpenoids","Prenyl quinone meroterpenoids","Sesquiterpenoids","nan","nan","nan","ZMJBQCHPZICNBV",NA,"nan","nan","nan","nan","nan","nan","nan","nan","nan","['Unknown']","['Unknown']","['Unknown']","['Unknown']","['Unknown']","['Unknown']","['Unknown']","['Unknown']","['Unknown']","nan","nan","nan",0,1.00100150250438,0.249500998003992,1.00100150250438,0.241516966067864,1.00100150250438,0.239520958083832,0.0705,0.243512974051896
3901,"3901_412.25_2","NA_[3901_412.25_2]",412.253396701312,1.97241245757576,0.0436439014557675,1.36007643349671,0.653238928958721,-0.614317325815387,"2-[[2-[[5-amino-2-[(2-amino-3-methylpentanoyl)amino]-5-oxopentanoyl]amino]-3-methylpentanoyl]amino]acetic acid",NA,NA,0.144542972288708,-192.38560532065,52.0483564821017,0.952763819095478,"InChI=1S/C19H35N5O6/c1-5-10(3)15(21)18(29)23-12(7-8-13(20)25)17(28)24-16(11(4)6-2)19(30)22-9-14(26)27/h10-12,15-16H,5-9,21H2,1-4H3,(H2,20,25)(H,22,30)(H,23,29)(H,24,28)(H,26,27)","UMXUTPNVBLPHML","C19H35N5O6","[M - H2O + H]+","CCC(C)C(C(=O)NC(CCC(=O)N)C(=O)NC(C(C)CC)C(=O)NCC(=O)O)N","Amino acids and Peptides","Tripeptides","Small peptides",NA,NA,NA,NA,NA,NA,NA,NA,NA,NA,NA,NA,NA,NA,NA,NA,NA,NA,NA,NA,NA,NA,NA,NA,NA,NA,NA,0,0.70059880239521,0,0.688622754491018,0,0.63872255489022,0.0195,0.475049900199601
4292,"4292_214.92_1.5","NA_[4292_214.92_1.5]",214.917697635505,1.45955218,0.00478563308138606,2.32006060217849,0.667850914705042,-0.582402011081356,"3-Bromo-5-nitro-[1,2,4]TRIAZOLE",NA,NA,NA,-143.709239533756,21.6403234852195,1,"InChI=1S/C2HBrN4O2/c3-1-4-2(6-5-1)7(8)9/h(H,4,5,6)","XXAMCWVPBITOGA","C2HBrN4O2","[M + Na]+","C1(=NC(=NN1)Br)[N+](=O)[O-]","Alkaloids","Purine alkaloids","Pseudoalkaloids",NA,NA,NA,NA,NA,NA,NA,NA,NA,NA,NA,NA,NA,NA,NA,NA,NA,NA,NA,NA,NA,NA,NA,NA,NA,NA,NA,1.67131567616219,0.0518962075848303,1.73727046020804,0.0479041916167665,1.72300386905937,0.0499001996007984,0.0605,0.289421157684631
4572,"4572_236.15_0.6","NA_[4572_236.15_0.6]",236.149244326562,0.645109066637168,0.00124237632222218,2.90574683418407,0.642331196615562,-0.638610728211434,"null",NA,NA,0.0782655041974167,-255.877699579488,43.5557699454893,1,"InChI=1S/C10H21NO5/c1-6-7(12)8(13)9(14)10(16-6)15-5-3-2-4-11/h6-10,12-14H,2-5,11H2,1H3","HJVUQIHMNQMRIV","C10H21NO5","[M + H]+","CC1C(C(C(C(O1)OCCCCN)O)O)O","Fatty acids","Fatty acyl carnitines","Fatty esters","nan","nan","nan","NOXWNIQIEPDBLD",NA,"nan","nan","nan","nan","nan","Fatty acids","Fatty acyls","Fatty aldehydes","nan","['Unknown']","['Unknown']","['Unknown']","['Unknown']","['Unknown']","['Unknown']","['Unknown']","['Unknown']","['Unknown']","nan","nan","nan",0,1.9042342233658,0.0219560878243513,1.85021033733688,0.0279441117764471,1.99468790562554,0.0179640718562874,0.053,0.37125748502994
4690,"4690_176.07_3.9","4-Methoxy-1H-indole-3-carbaldehyde_[4690_176.07_3.9]",176.070632711333,3.93576332352941,0.0060971135719967,2.21487571522376,1.73751866401343,0.797028475007371,"3-Formyl-4-methoxyindole","4-Methoxy-1H-indole-3-carbaldehyde","CHEBI:181462",0.279533202978626,-31.8631227665964,43.7464128466966,1,"InChI=1S/C10H9NO2/c1-13-9-4-2-3-8-10(9)7(6-12)5-11-8/h2-6,11H,1H3","GDVCEQRAPMIJBG","C10H9NO2","[M + H]+","COC1=CC=CC2=C1C(=CN2)C=O","Alkaloids","Simple indole alkaloids","Tryptophan alkaloids",NA,NA,NA,NA,NA,NA,NA,NA,NA,NA,NA,NA,NA,NA,NA,NA,NA,NA,NA,NA,NA,NA,NA,NA,NA,NA,NA,2.14750280859792,0.0139720558882236,2.1932960518294,0.00798403193612774,2.18999251892386,0.0119760479041916,0.1105,0.00199600798403194
4736,"4736_370.13_3.5","NA_[4736_370.13_3.5]",370.128466852069,3.54944863559322,0.0186914983934656,1.72835588225253,0.650063474359372,-0.621347500326975,"Egenine",NA,NA,0.251370329560638,-10.6109119138663,75.8416658427789,1,"InChI=1S/C20H19NO6/c1-21-5-4-10-6-14-15(25-8-24-14)7-12(10)17(21)18-11-2-3-13-19(26-9-23-13)16(11)20(22)27-18/h2-3,6-7,17-18,20,22H,4-5,8-9H2,1H3","YMHFBUOKLSWOQF","C20H19NO6","[M + H]+","CN1CCC2=CC3=C(C=C2C1C4C5=C(C(O4)O)C6=C(C=C5)OCO6)OCO3","Alkaloids","Tetrahydroisoquinoline alkaloids","Tyrosine alkaloids","369.121237328","InChI=1S/C20H19NO6/c1-21-5-4-10-6-14-15(26-8-25-14)7-12(10)20(21)18(22)11-2-3-13-17(27-9-24-13)16(11)19(20)23/h2-3,6-7,18-19,22-23H,4-5,8-9H2,1H3/t18-,19-,20+/m0/s1","JQOTXJRWMCMWBT-SLFFLAALSA-N","JQOTXJRWMCMWBT","CN1CCc2cc3c(cc2[C@]12[C@@H](O)c1ccc4c(c1[C@@H]2O)OCO4)OCO3","C20H19NO6","(6S,7R,8S)-6'-methylspiro[6,8-dihydrocyclopenta[g][1,3]benzodioxole-7,5'-7,8-dihydro-[1,3]dioxolo[4,5-g]isoquinoline]-6,8-diol","http://www.wikidata.org/entity/Q105133573","Alkaloids","Tyrosine alkaloids","Alkaloids","Tyrosine alkaloids","Isoquinoline alkaloids","Corydalis vaginans","['Eukaryota']","['Archaeplastida']","['Streptophyta']","['Magnoliopsida']","['Ranunculales']","['Papaveraceae']","['Unknown']","['Corydalis']","['Corydalis vaginans']","nan","5727950.0","http://www.wikidata.org/entity/Q15336724",6,2.33644103985384,0.00998003992015968,2.37022731569989,0.00998003992015968,2.39076645008365,0.00998003992015968,0.096,0.00598802395209581
4853,"4853_365.11_1.5","3-alpha-Mannobiose_[4853_365.11_1.5]",365.105366583611,1.5304059,0.0100271514524285,1.99882242532416,0.662510276517384,-0.593985261809927,"Nigerose","3-alpha-Mannobiose","CHEBI:144332",0.157831119696881,-14.2174266853709,14.3622043345386,1,"InChI=1S/C12H22O11/c13-1-3-5(15)7(17)8(18)12(22-3)23-10-6(16)4(2-14)21-11(20)9(10)19/h3-20H,1-2H2","QIGJYVCQYDKYDW","C12H22O11","[M + Na]+","C(C1C(C(C(C(O1)O)O)OC2C(C(C(C(O2)CO)O)O)O)O)O","Carbohydrates","Disaccharides","Saccharides","286.084123548","InChI=1S/C16H14O5/c1-20-15-10-11(2-8-14(15)18)3-9-16(19)21-13-6-4-12(17)5-7-13/h2-10,17-18H,1H3","VPTARALPQYFNJF-UHFFFAOYSA-N","VPTARALPQYFNJF","COc1cc(C=CC(=O)Oc2ccc(O)cc2)ccc1O","C16H14O5","(4-Hydroxyphenyl) 3-(4-hydroxy-3-methoxyphenyl)prop-2-enoate","http://www.wikidata.org/entity/Q110192886","Shikimates and Phenylpropanoids","Phenylpropanoids (C6-C3)","Shikimates and Phenylpropanoids","Phenylpropanoids (C6-C3)","Cinnamic acids and derivatives","Liatris elegans","['Eukaryota']","['Archaeplastida']","['Streptophyta']","['Magnoliopsida']","['Asterales']","['Asteraceae']","['Eupatorieae']","['Liatris']","['Liatris elegans']","nan","509207.0","http://www.wikidata.org/entity/Q6540310",6,1.63736530665978,0.0598802395209581,1.67131567616219,0.0578842315369262,1.73727046020804,0.0439121756487026,0.04,0.530938123752495
4928,"4928_354.13_3.5","protopine_[4928_354.13_3.5]",354.133455386249,3.45292751132076,0.000524074159609786,3.28060725341617,0.585381387604426,-0.772551219379294,"Fumarine","protopine","CHEBI:16415",0.47677154920825,-6.49582059053707,57.6183138801234,1,"InChI=1S/C20H19NO5/c1-21-5-4-13-7-18-19(25-10-24-18)8-14(13)16(22)6-12-2-3-17-20(15(12)9-21)26-11-23-17/h2-3,7-8H,4-6,9-11H2,1H3","GPTFURBXHJWNHR","C20H19NO5","[M + H]+","CN1CCC2=CC3=C(C=C2C(=O)CC4=C(C1)C5=C(C=C4)OCO5)OCO3","Alkaloids","Isoquinoline alkaloids","Tyrosine alkaloids","353.126322708","InChI=1S/C20H19NO5/c1-21-5-4-11-6-15-16(25-9-24-15)7-13(11)20(21)8-12-2-3-14-18(26-10-23-14)17(12)19(20)22/h2-3,6-7,19,22H,4-5,8-10H2,1H3/t19-,20-/m1/s1","AKCAVBOVRWGORC-WOJBJXKFSA-N","AKCAVBOVRWGORC","CN1CCc2cc3c(cc2[C@@]12Cc1ccc4c(c1[C@H]2O)OCO4)OCO3","C20H19NO5","(7R,8R)-6'-methylspiro[6,8-dihydrocyclopenta[g][1,3]benzodioxole-7,5'-7,8-dihydro-[1,3]dioxolo[4,5-g]isoquinoline]-8-ol","http://www.wikidata.org/entity/Q104913525","Alkaloids","Tyrosine alkaloids","Alkaloids","Tyrosine alkaloids","Isoquinoline alkaloids","Fumaria officinalis","['Eukaryota']","['Archaeplastida']","['Streptophyta']","['Magnoliopsida']","['Ranunculales']","['Papaveraceae']","['Unknown']","['Fumaria']","['Fumaria officinalis']","nan","76888.0","http://www.wikidata.org/entity/Q157618",1,2.1001107252027,0.0119760479041916,2.1932960518294,0.0119760479041916,2.17385866681311,0.0119760479041916,0.0925,0.0159680638722555
4974,"4974_375.27_8.5","NA_[4974_375.27_8.5]",375.268459362725,8.52792123655914,0.00468233664637797,2.32953736500753,1.57693648422066,0.657124552490338,"10,13-dimethyl-17-(2-phenylethynyl)-1,2,3,4,5,6,7,8,9,11,12,14,15,16-tetradecahydrocyclopenta[a]phenanthrene-3,17-diol",NA,NA,0.298968469905681,-140.160239173212,176.392492008369,1,"InChI=1S/C27H36O2/c1-25-14-11-21(28)18-20(25)8-9-22-23(25)12-15-26(2)24(22)13-17-27(26,29)16-10-19-6-4-3-5-7-19/h3-7,20-24,28-29H,8-9,11-15,17-18H2,1-2H3","LZYLYVQWNIUJNH","C27H36O2","[M - H2O + H]+","CC12CCC(CC1CCC3C2CCC4(C3CCC4(C#CC5=CC=CC=C5)O)C)O","Terpenoids","Apocarotenoids (-)","Apocarotenoids","374.260965708","InChI=1S/C27H34O/c1-24(2)21-11-13-27-15-14-25(3,18-27)12-10-22(27)26(21,4)17-20(23(24)28)16-19-8-6-5-7-9-19/h5-9,14-16,21-22H,10-13,17-18H2,1-4H3/b20-16+/t21-,22+,25-,26-,27+/m1/s1","GTBFQOGSRWBGDY-UJHNSAFVSA-N","GTBFQOGSRWBGDY","CC1(C)C(=O)/C(=C/c2ccccc2)C[C@]2(C)[C@@H]1CC[C@@]13C=C[C@@](C)(CC[C@H]12)C3","C27H34O","(1R,4S,7E,9S,10S,13S)-7-benzylidene-5,5,9,13-tetramethyltetracyclo[11.2.1.01,10.04,9]hexadec-14-en-6-one","http://www.wikidata.org/entity/Q105018399","Terpenoids","Diterpenoids","Terpenoids","Triterpenoids","Lanostane, Tirucallane and Euphane triterpenoids","Androstachys johnsonii","['Eukaryota']","['Archaeplastida']","['Streptophyta']","['Magnoliopsida']","['Malpighiales']","['Picrodendraceae']","['Unknown']","['Androstachys']","['Androstachys johnsonii']","nan","510615.0","http://www.wikidata.org/entity/Q15361880",4,1.94881009766875,0.0379241516966068,1.8966081045272,0.0439121756487026,2.00804832225625,0.0399201596806387,0.058,0.389221556886228
5055,"5055_293.17_6","NA_[5055_293.17_6]",293.172251892978,5.950292506,0.026425112326897,1.57798315793358,1.68107964609651,0.749388078117465,"glucitollysine",NA,NA,0.203767194901824,-105.012674937538,16.7322170072835,0.0321608040201005,"InChI=1S/C12H26N2O7/c13-7(12(20)21)3-1-2-4-14-5-8(16)10(18)11(19)9(17)6-15/h7-11,14-19H,1-6,13H2,(H,20,21)","JNFQXAUVKUQSKQ","C12H26N2O7","[M - H2O + H]+","C(CCNCC(C(C(C(CO)O)O)O)O)CC(C(=O)O)N","Amino acids and Peptides","Aminosugars","Aminosugars and aminoglycosides",NA,NA,NA,NA,NA,NA,NA,NA,NA,NA,NA,NA,NA,NA,NA,NA,NA,NA,NA,NA,NA,NA,NA,NA,NA,NA,NA,0,0.682634730538922,0,0.688622754491018,0,0.624750499001996,0.0135,0.676646706586826
5106,"5106_308.13_7.3","NA_[5106_308.13_7.3]",308.128232039637,7.3149348962963,0.0426390759616733,1.37019221554562,1.5098782323889,0.594432204774012,"3-hydroxy-7-methoxy-n-(2-methylphenyl)-2-naphthamide",NA,NA,0.150783502798353,-131.758460282728,28.5927616085292,1,"InChI=1S/C19H17NO3/c1-12-5-3-4-6-17(12)20-19(22)16-10-14-9-15(23-2)8-7-13(14)11-18(16)21/h3-11,21H,1-2H3,(H,20,22)","ISYIACJPZHHKAB","C19H17NO3","[M + H]+","CC1=CC=CC=C1NC(=O)C2=C(C=C3C=CC(=CC3=C2)OC)O","Shikimates and Phenylpropanoids","Flavones","Flavonoids","266.09429430800003","InChI=1S/C17H14O3/c18-14-7-4-8-16-17(14)15(19)11-13(20-16)10-9-12-5-2-1-3-6-12/h1-8,11,18H,9-10H2","OLLHYYCQHNBTQC-UHFFFAOYSA-N","OLLHYYCQHNBTQC","O=c1cc(CCc2ccccc2)oc2cccc(O)c12","C17H14O3","2-Phenethyl-5-hydroxychromone","http://www.wikidata.org/entity/Q82295350","Polyketides","Chromanes","Alkaloids","Chromanes","Chromones","Imperata cylindrica","['Eukaryota']","['Archaeplastida']","['Streptophyta']","['Magnoliopsida']","['Poales']","['Poaceae']","['Andropogoneae']","['Imperata']","['Imperata cylindrica']","nan","740074.0","http://www.wikidata.org/entity/Q693409",6,1.00100150250438,0.279441117764471,1.00100150250438,0.263473053892216,1.00100150250438,0.277445109780439,0.0235,0.668662674650699
5293,"5293_293.21_6.8","NA_[5293_293.21_6.8]",293.21113226713,6.80027205691056,0.0443037340768649,1.353559668345,1.34627570972517,0.428973896070379,"9-Oxo-10,12,15-odta",NA,NA,0.258517420363863,-23.1071558145911,75.884644799719,1,"InChI=1S/C18H28O3/c1-2-3-4-5-6-8-11-14-17(19)15-12-9-7-10-13-16-18(20)21/h3-4,6,8,11,14H,2,5,7,9-10,12-13,15-16H2,1H3,(H,20,21)","ACHDMUPTZYZIGR","C18H28O3","[M + H]+","CCC=CCC=CC=CC(=O)CCCCCCCC(=O)O","Fatty acids","Other Octadecanoids","Octadecanoids","292.203844756","InChI=1S/C18H28O3/c1-2-3-4-5-6-10-16(19)11-8-7-9-15-12-13-17(20)18(21)14-15/h12-14,20-21H,2-11H2,1H3","XWKFUHRLLPQKDR-UHFFFAOYSA-N","XWKFUHRLLPQKDR","CCCCCCCC(=O)CCCCc1ccc(O)c(O)c1","C18H28O3","1-(3,4-Dihydroxyphenyl)dodecan-5-one","http://www.wikidata.org/entity/Q105343518","Polyketides","Aromatic polyketides","nan","nan","nan","Capitanopsis albida","['Eukaryota']","['Archaeplastida']","['Streptophyta']","['Magnoliopsida']","['Lamiales']","['Lamiaceae']","['Ocimeae']","['Capitanopsis']","['Capitanopsis albida']","nan","6084167.0","http://www.wikidata.org/entity/Q15349959",5,0,0.489021956087824,0,0.481037924151697,0,0.447105788423154,0.0075,0.996007984031936
5505,"5505_162.08_0.7","3-aminoadipic acid_[5505_162.08_0.7]",162.076083362611,0.671241172845529,0.016396420904055,1.78525094166304,1.47069461951364,0.556497711140001,"AmbotzHAA8500","3-aminoadipic acid","CHEBI:64303",0.500377675623865,-26.5950659731981,57.4247438473251,1,"InChI=1S/C6H11NO4/c7-4(3-6(10)11)1-2-5(8)9/h4H,1-3,7H2,(H,8,9)(H,10,11)","XABCFXXGZPWJQP","C6H11NO4","[M + H]+","C(CC(=O)O)C(CC(=O)O)N","Amino acids and Peptides","Aminoacids","Small peptides","161.068807832","InChI=1S/C6H11NO4/c1-11-6(10)4(7)2-3-5(8)9/h4H,2-3,7H2,1H3,(H,8,9)","SEWIYICDCVPBEW-UHFFFAOYSA-N","SEWIYICDCVPBEW","COC(=O)C(N)CCC(=O)O","C6H11NO4","4-Amino-5-methoxy-5-oxopentanoic acid","http://www.wikidata.org/entity/Q27162312","Amino acids and Peptides","Small peptides","Amino acids and Peptides","Small peptides","Aminoacids","Mus musculus","['Eukaryota']","['Metazoa']","['Chordata']","['Mammalia']","['Rodentia']","['Muridae']","['Unknown']","['Mus']","['Mus musculus']","nan","542509.0","http://www.wikidata.org/entity/Q83310",2,0,0.489021956087824,0,0.489021956087824,0,0.439121756487026,0.038,0.698602794411178
